iso_code,country_name,year,political_stability,govt_effectiveness,rule_of_law,control_corruption
ABW,Aruba,2015,1.2102,0.8476,1.2271,1.2483
ABW,Aruba,2016,1.2608,0.8529,1.2266,1.2327
ABW,Aruba,2017,1.3138,0.876,1.2958,1.2396
ABW,Aruba,2018,1.3375,1.0134,1.2597,1.2074
ABW,Aruba,2019,1.3358,0.9877,1.2283,1.1744
ABW,Aruba,2020,1.3716,1.075,1.2706,1.1988
ABW,Aruba,2021,1.4317,1.0839,1.2467,0.8009
ABW,Aruba,2022,1.4831,1.1052,1.278,0.7565
ABW,Aruba,2023,1.4325,0.7954,1.2702,0.7091
AFG,Afghanistan,2015,-2.5626,-1.3974,-1.5162,-1.3547
AFG,Afghanistan,2016,-2.6622,-1.2915,-1.5225,-1.5402
AFG,Afghanistan,2017,-2.795,-1.3866,-1.5812,-1.5301
AFG,Afghanistan,2018,-2.7534,-1.5018,-1.6891,-1.5029
AFG,Afghanistan,2019,-2.6525,-1.5191,-1.7421,-1.4193
AFG,Afghanistan,2020,-2.7027,-1.6115,-1.8314,-1.4934
AFG,Afghanistan,2021,-2.5187,-1.6706,-1.8772,-1.1523
AFG,Afghanistan,2022,-2.545,-1.88,-1.6598,-1.1837
AFG,Afghanistan,2023,-2.4841,-1.987,-1.6496,-1.1549
AGO,Angola,2015,-0.5054,-0.9291,-1.0307,-1.4277
AGO,Angola,2016,-0.3216,-0.9715,-1.004,-1.484
AGO,Angola,2017,-0.3879,-0.952,-1.04,-1.4452
AGO,Angola,2018,-0.3472,-1.0053,-1.0011,-1.1995
AGO,Angola,2019,-0.3684,-1.1285,-1.0235,-1.0546
AGO,Angola,2020,-0.5999,-1.2575,-0.9511,-0.9351
AGO,Angola,2021,-0.7105,-1.1264,-0.9838,-0.6495
AGO,Angola,2022,-0.6301,-1.026,-1.022,-0.6124
AGO,Angola,2023,-0.3415,-1.0089,-1.0991,-0.6099
ALB,Albania,2015,0.3416,0.0276,-0.3197,-0.5451
ALB,Albania,2016,0.3374,0.0291,-0.3226,-0.4724
ALB,Albania,2017,0.3738,0.0986,-0.4142,-0.4814
ALB,Albania,2018,0.3668,0.0805,-0.4148,-0.546
ALB,Albania,2019,0.1101,-0.0623,-0.4263,-0.5643
ALB,Albania,2020,0.0886,-0.1551,-0.378,-0.5735
ALB,Albania,2021,0.1964,-0.036,-0.2807,-0.5772
ALB,Albania,2022,0.1063,0.0645,-0.1656,-0.4082
ALB,Albania,2023,0.1833,0.2509,-0.1641,-0.3322
AND,Andorra,2015,1.366,1.7407,1.5132,1.1517
AND,Andorra,2016,1.3828,1.8054,1.5129,1.1594
AND,Andorra,2017,1.3929,1.8769,1.5356,1.1718
AND,Andorra,2018,1.3912,1.8792,1.5365,1.1789
AND,Andorra,2019,1.5774,1.8519,1.5102,1.1762
AND,Andorra,2020,1.5887,1.7492,1.6152,1.2655
AND,Andorra,2021,1.5813,1.7489,1.6421,1.2797
AND,Andorra,2022,1.586,1.4953,1.4855,1.2703
AND,Andorra,2023,1.5835,1.4754,1.4769,1.2514
ARE,United Arab Emirates,2015,0.748,1.5005,0.6142,1.0346
ARE,United Arab Emirates,2016,0.5496,1.4102,0.819,1.1317
ARE,United Arab Emirates,2017,0.6019,1.4089,0.7683,1.0958
ARE,United Arab Emirates,2018,0.6893,1.4263,0.7742,1.1171
ARE,United Arab Emirates,2019,0.6675,1.3803,0.8083,1.0724
ARE,United Arab Emirates,2020,0.5926,1.2853,0.8751,1.0836
ARE,United Arab Emirates,2021,0.5976,1.3637,0.799,1.1504
ARE,United Arab Emirates,2022,0.7442,1.2991,0.8361,1.1556
ARE,United Arab Emirates,2023,0.6775,1.6043,0.8819,1.0737
ARG,Argentina,2015,0.0088,-0.0495,-0.7486,-0.5813
ARG,Argentina,2016,0.1977,0.2188,-0.3202,-0.2992
ARG,Argentina,2017,0.1625,0.1351,-0.2373,-0.309
ARG,Argentina,2018,0.0069,0.0281,-0.2193,-0.0993
ARG,Argentina,2019,-0.0978,-0.1208,-0.4274,-0.1071
ARG,Argentina,2020,-0.072,-0.2543,-0.4863,-0.1636
ARG,Argentina,2021,0.0005,-0.3906,-0.4779,-0.4226
ARG,Argentina,2022,-0.0986,-0.2835,-0.4824,-0.4472
ARG,Argentina,2023,-0.1275,-0.3775,-0.4108,-0.3609
ARM,Armenia,2015,-0.2568,-0.3318,-0.4626,-0.6097
ARM,Armenia,2016,-0.668,-0.3126,-0.1609,-0.6598
ARM,Armenia,2017,-0.6262,-0.2516,-0.2094,-0.637
ARM,Armenia,2018,-0.4511,-0.1706,-0.1972,-0.4094
ARM,Armenia,2019,-0.42,-0.226,-0.1775,-0.227
ARM,Armenia,2020,-0.7716,-0.3045,-0.1258,-0.0035
ARM,Armenia,2021,-0.804,-0.2822,-0.1198,0.0487
ARM,Armenia,2022,-0.7408,-0.3148,-0.1695,0.0279
ARM,Armenia,2023,-0.8293,-0.1841,-0.122,0.0584
ASM,American Samoa,2015,1.1517,0.4428,1.2855,1.1517
ASM,American Samoa,2016,1.1586,0.4826,1.2792,1.1594
ASM,American Samoa,2017,1.1843,0.5105,1.2953,1.7623
ASM,American Samoa,2018,1.1663,0.4987,1.2966,1.7806
ASM,American Samoa,2019,1.1449,0.49,1.2682,1.7802
ASM,American Samoa,2020,1.0902,0.6326,1.1185,1.2655
ASM,American Samoa,2021,1.0668,0.6387,1.1388,1.2797
ASM,American Samoa,2022,1.1232,0.6676,1.2211,1.2703
ASM,American Samoa,2023,1.1142,0.6542,1.2125,1.2514
ATG,Antigua and Barbuda,2015,0.9876,0.1832,0.5531,0.6426
ATG,Antigua and Barbuda,2016,0.8592,0.218,0.4727,0.6454
ATG,Antigua and Barbuda,2017,0.7321,-0.0361,0.407,0.1979
ATG,Antigua and Barbuda,2018,0.8231,-0.0535,0.3764,0.2365
ATG,Antigua and Barbuda,2019,0.9381,-0.0548,0.3635,0.2396
ATG,Antigua and Barbuda,2020,0.9296,-0.2048,0.4074,0.239
ATG,Antigua and Barbuda,2021,0.9497,-0.1939,0.3032,0.2319
ATG,Antigua and Barbuda,2022,0.9381,-0.16,0.3908,0.3107
ATG,Antigua and Barbuda,2023,0.9234,0.3804,0.3786,0.3268
AUS,Australia,2015,0.8732,1.5333,1.7903,1.8413
AUS,Australia,2016,1.0334,1.5322,1.7167,1.7723
AUS,Australia,2017,0.8761,1.4984,1.646,1.753
AUS,Australia,2018,0.9712,1.556,1.6747,1.7675
AUS,Australia,2019,0.918,1.5387,1.6946,1.7881
AUS,Australia,2020,0.8622,1.5734,1.615,1.633
AUS,Australia,2021,0.8351,1.4717,1.6386,1.7074
AUS,Australia,2022,0.9837,1.5284,1.5088,1.7644
AUS,Australia,2023,0.9171,1.5899,1.5232,1.7812
AUT,Austria,2015,1.1293,1.451,1.8148,1.472
AUT,Austria,2016,0.8922,1.4748,1.7615,1.4969
AUT,Austria,2017,1.0296,1.4678,1.8004,1.5008
AUT,Austria,2018,0.8849,1.4561,1.8535,1.5686
AUT,Austria,2019,0.8922,1.4921,1.8623,1.5213
AUT,Austria,2020,0.8876,1.6059,1.7706,1.4777
AUT,Austria,2021,0.8996,1.5283,1.7518,1.2427
AUT,Austria,2022,0.6487,1.4649,1.7043,1.2586
AUT,Austria,2023,0.728,1.3267,1.7466,1.1337
AZE,Azerbaijan,2015,-0.7339,-0.2588,-0.7165,-0.9526
AZE,Azerbaijan,2016,-0.8089,-0.1594,-0.5394,-0.8526
AZE,Azerbaijan,2017,-0.7519,-0.1714,-0.5849,-0.9065
AZE,Azerbaijan,2018,-0.7114,-0.1451,-0.6198,-0.8532
AZE,Azerbaijan,2019,-0.6934,-0.1282,-0.6104,-0.8497
AZE,Azerbaijan,2020,-0.8523,-0.1553,-0.7296,-1.0781
AZE,Azerbaijan,2021,-0.8378,0.2135,-0.6068,-0.8479
AZE,Azerbaijan,2022,-0.9228,-0.0412,-0.6256,-1.0409
AZE,Azerbaijan,2023,-0.7308,-0.0326,-0.5666,-1.1955
BDI,Burundi,2015,-1.9374,-1.2376,-1.1859,-1.287
BDI,Burundi,2016,-1.9644,-1.4844,-1.4844,-1.2788
BDI,Burundi,2017,-2.0026,-1.3819,-1.411,-1.3185
BDI,Burundi,2018,-1.5703,-1.4498,-1.5138,-1.4783
BDI,Burundi,2019,-1.6251,-1.3748,-1.4536,-1.497
BDI,Burundi,2020,-1.5424,-1.3025,-1.3407,-1.5634
BDI,Burundi,2021,-1.2584,-1.3582,-1.3126,-1.5997
BDI,Burundi,2022,-1.1924,-1.2636,-1.2765,-1.5182
BDI,Burundi,2023,-1.1724,-1.2001,-1.2511,-1.556
BEL,Belgium,2015,0.5771,1.5294,1.4562,1.4745
BEL,Belgium,2016,0.4296,1.3976,1.3938,1.5312
BEL,Belgium,2017,0.4176,1.2408,1.3206,1.4042
BEL,Belgium,2018,0.3938,1.2246,1.3386,1.4296
BEL,Belgium,2019,0.4584,1.1133,1.3362,1.4488
BEL,Belgium,2020,0.5211,1.0782,1.3276,1.4458
BEL,Belgium,2021,0.6627,1.0856,1.2918,1.4552
BEL,Belgium,2022,0.582,1.2272,1.3482,1.495
BEL,Belgium,2023,0.4039,1.037,1.2954,1.3368
BEN,Benin,2015,-0.0205,-0.6823,-0.5556,-0.5637
BEN,Benin,2016,-0.0088,-0.6257,-0.6271,-0.529
BEN,Benin,2017,0.0263,-0.6974,-0.6455,-0.5765
BEN,Benin,2018,-0.147,-0.6315,-0.6923,-0.3916
BEN,Benin,2019,-0.4202,-0.4904,-0.6755,-0.3294
BEN,Benin,2020,-0.4431,-0.2909,-0.7669,-0.04
BEN,Benin,2021,-0.3963,-0.2376,-0.627,-0.1705
BEN,Benin,2022,-0.3432,-0.1706,-0.5961,-0.0899
BEN,Benin,2023,-0.3466,-0.219,-0.5057,-0.0496
BFA,Burkina Faso,2015,-0.6091,-0.6921,-0.5411,-0.299
BFA,Burkina Faso,2016,-0.8687,-0.639,-0.4553,-0.1699
BFA,Burkina Faso,2017,-0.9279,-0.6385,-0.415,-0.1388
BFA,Burkina Faso,2018,-1.0603,-0.6441,-0.4593,-0.1316
BFA,Burkina Faso,2019,-1.3022,-0.7782,-0.4638,-0.2195
BFA,Burkina Faso,2020,-1.538,-0.7081,-0.4687,-0.1222
BFA,Burkina Faso,2021,-1.6429,-0.765,-0.4631,-0.0825
BFA,Burkina Faso,2022,-1.8154,-0.8531,-0.6119,-0.1116
BFA,Burkina Faso,2023,-2.0352,-0.8262,-0.7418,-0.1696
BGD,Bangladesh,2015,-1.2098,-0.752,-0.7696,-0.8447
BGD,Bangladesh,2016,-1.2597,-0.7058,-0.6695,-0.8875
BGD,Bangladesh,2017,-1.2536,-0.752,-0.6797,-0.8586
BGD,Bangladesh,2018,-0.9856,-0.7623,-0.6492,-0.9268
BGD,Bangladesh,2019,-0.9286,-0.7535,-0.6435,-1.0172
BGD,Bangladesh,2020,-0.9158,-0.7795,-0.5655,-1.0037
BGD,Bangladesh,2021,-1.0369,-0.6534,-0.6257,-0.9865
BGD,Bangladesh,2022,-1.0465,-0.7634,-0.6017,-1.0758
BGD,Bangladesh,2023,-0.9087,-0.6973,-0.5027,-1.1209
BGR,Bulgaria,2015,0.0104,-0.0126,-0.1595,-0.3464
BGR,Bulgaria,2016,0.0683,0.0888,-0.1404,-0.2609
BGR,Bulgaria,2017,0.3214,0.098,-0.125,-0.1963
BGR,Bulgaria,2018,0.4444,0.1118,-0.1058,-0.1882
BGR,Bulgaria,2019,0.5613,0.1737,-0.0374,-0.1812
BGR,Bulgaria,2020,0.4016,-0.214,-0.1277,-0.3223
BGR,Bulgaria,2021,0.3647,-0.1734,-0.0689,-0.2581
BGR,Bulgaria,2022,0.3134,-0.2712,-0.1079,-0.1582
BGR,Bulgaria,2023,0.3419,0.0471,-0.0069,-0.1377
BHR,Bahrain,2015,-1.0683,0.5099,0.4003,0.107
BHR,Bahrain,2016,-0.7927,0.2732,0.4305,-0.0475
BHR,Bahrain,2017,-0.9587,0.1367,0.4196,-0.1711
BHR,Bahrain,2018,-0.8463,0.1196,0.3841,-0.1763
BHR,Bahrain,2019,-0.6268,0.2452,0.464,-0.0381
BHR,Bahrain,2020,-0.6101,0.3904,0.4546,-0.093
BHR,Bahrain,2021,-0.5248,0.6824,0.4415,0.1445
BHR,Bahrain,2022,-0.3629,0.6397,0.4383,0.1395
BHR,Bahrain,2023,-0.374,0.6972,0.4688,0.1778
BHS,"Bahamas, The",2015,0.895,0.6793,0.5682,1.0973
BHS,"Bahamas, The",2016,0.9599,0.6824,0.233,1.0671
BHS,"Bahamas, The",2017,0.9768,0.5398,0.1623,1.135
BHS,"Bahamas, The",2018,0.8477,0.5,0.069,1.0961
BHS,"Bahamas, The",2019,0.8016,0.4451,0.0453,1.1023
BHS,"Bahamas, The",2020,0.8303,0.4053,0.0211,1.1063
BHS,"Bahamas, The",2021,0.851,0.4198,0.0707,1.1524
BHS,"Bahamas, The",2022,0.8812,0.424,0.1345,1.2564
BHS,"Bahamas, The",2023,1.0086,0.2704,0.1796,1.2669
BIH,Bosnia and Herzegovina,2015,-0.4042,-0.6248,-0.2646,-0.4179
BIH,Bosnia and Herzegovina,2016,-0.4027,-0.4521,-0.193,-0.4868
BIH,Bosnia and Herzegovina,2017,-0.3515,-0.519,-0.2018,-0.5542
BIH,Bosnia and Herzegovina,2018,-0.4009,-0.6709,-0.2256,-0.6062
BIH,Bosnia and Herzegovina,2019,-0.4248,-0.7064,-0.2258,-0.6473
BIH,Bosnia and Herzegovina,2020,-0.4475,-1.0757,-0.3161,-0.6431
BIH,Bosnia and Herzegovina,2021,-0.4217,-1.0732,-0.3033,-0.6661
BIH,Bosnia and Herzegovina,2022,-0.4832,-1.065,-0.307,-0.6843
BIH,Bosnia and Herzegovina,2023,-0.3534,-0.9678,-0.3518,-0.5816
BLR,Belarus,2015,0.1109,-0.4892,-0.8792,-0.3156
BLR,Belarus,2016,0.1357,-0.5139,-0.7673,-0.2239
BLR,Belarus,2017,-0.0572,-0.3577,-0.8817,-0.2412
BLR,Belarus,2018,0.3536,-0.2979,-0.893,-0.1555
BLR,Belarus,2019,0.345,-0.1745,-0.8594,0.0069
BLR,Belarus,2020,-0.8876,-0.8297,-1.0852,-0.1342
BLR,Belarus,2021,-0.7542,-0.8042,-1.1214,-0.2585
BLR,Belarus,2022,-0.8021,-0.8517,-1.221,-0.5797
BLR,Belarus,2023,-0.7294,-0.9915,-1.2509,-0.665
BLZ,Belize,2015,0.0373,-0.642,-0.7942,-0.2095
BLZ,Belize,2016,0.0522,-0.6358,-0.9706,-0.2299
BLZ,Belize,2017,0.0304,-0.6702,-0.9746,-0.3055
BLZ,Belize,2018,-0.0021,-0.6274,-0.8425,-0.1696
BLZ,Belize,2019,0.062,-0.6342,-0.8559,-0.1913
BLZ,Belize,2020,0.5187,-0.6036,-0.8265,-0.1933
BLZ,Belize,2021,0.2725,-0.5267,-0.8002,-0.3301
BLZ,Belize,2022,0.564,-0.3567,-0.7202,-0.2369
BLZ,Belize,2023,0.5853,-0.3763,-0.6356,-0.2261
BMU,Bermuda,2015,0.9618,0.962,0.8302,1.1517
BMU,Bermuda,2016,0.9756,1.2763,0.8116,1.1594
BMU,Bermuda,2017,0.9815,1.3304,0.8148,1.1718
BMU,Bermuda,2018,1.1332,1.327,0.8168,1.1789
BMU,Bermuda,2019,1.0515,1.3071,0.7842,1.1762
BMU,Bermuda,2020,1.0034,1.4701,0.6218,1.2655
BMU,Bermuda,2021,1.0025,1.4714,0.6355,1.2797
BMU,Bermuda,2022,1.024,1.2194,0.6924,1.2703
BMU,Bermuda,2023,1.0204,1.2017,0.6837,1.2514
BOL,Bolivia,2015,-0.2705,-0.6769,-1.1621,-0.7179
BOL,Bolivia,2016,-0.2537,-0.6004,-1.2387,-0.7749
BOL,Bolivia,2017,-0.2801,-0.3956,-1.2451,-0.7013
BOL,Bolivia,2018,-0.2866,-0.3296,-1.2119,-0.6886
BOL,Bolivia,2019,-0.7283,-0.7906,-1.1894,-0.7814
BOL,Bolivia,2020,-0.4535,-0.7265,-1.2186,-0.8448
BOL,Bolivia,2021,-0.2788,-0.7632,-1.1776,-0.8838
BOL,Bolivia,2022,-0.1919,-0.5647,-1.3014,-0.8897
BOL,Bolivia,2023,-0.3132,-0.6395,-1.2193,-0.8383
BRA,Brazil,2015,-0.3319,-0.2553,-0.1873,-0.4578
BRA,Brazil,2016,-0.381,-0.2494,-0.2013,-0.4461
BRA,Brazil,2017,-0.4799,-0.3171,-0.3054,-0.5598
BRA,Brazil,2018,-0.4596,-0.5206,-0.3023,-0.481
BRA,Brazil,2019,-0.7142,-0.2341,-0.2243,-0.4079
BRA,Brazil,2020,-0.4469,-0.4657,-0.2319,-0.4291
BRA,Brazil,2021,-0.4199,-0.493,-0.3014,-0.4992
BRA,Brazil,2022,-0.395,-0.5883,-0.2579,-0.5664
BRA,Brazil,2023,-0.4086,-0.5468,-0.3088,-0.5036
BRB,Barbados,2015,1.1168,0.9891,1.0628,1.4477
BRB,Barbados,2016,0.96,1.0439,0.7633,1.2135
BRB,Barbados,2017,0.9525,0.8001,0.6255,1.3761
BRB,Barbados,2018,0.9007,0.3853,0.3633,1.3717
BRB,Barbados,2019,1.0329,0.592,0.3233,1.159
BRB,Barbados,2020,1.1207,0.4438,0.2944,1.1936
BRB,Barbados,2021,1.1186,0.4979,0.3413,1.2131
BRB,Barbados,2022,1.1446,0.4284,0.3594,1.2847
BRB,Barbados,2023,1.1871,0.3804,0.4142,1.3446
BRN,Brunei Darussalam,2015,1.2337,1.0264,0.3832,0.5354
BRN,Brunei Darussalam,2016,1.142,1.0487,0.5358,0.5312
BRN,Brunei Darussalam,2017,1.1534,1.1079,0.6198,0.6757
BRN,Brunei Darussalam,2018,1.236,1.2131,0.5993,0.7607
BRN,Brunei Darussalam,2019,1.1111,1.2788,0.5881,0.768
BRN,Brunei Darussalam,2020,1.1881,1.3833,0.8978,1.248
BRN,Brunei Darussalam,2021,1.1718,1.4071,0.8606,1.2165
BRN,Brunei Darussalam,2022,1.2425,1.4223,0.9338,1.1752
BRN,Brunei Darussalam,2023,1.366,1.4018,0.8869,1.278
BTN,Bhutan,2015,0.9608,0.4207,0.5349,0.9894
BTN,Bhutan,2016,1.1061,0.499,0.5107,1.0899
BTN,Bhutan,2017,1.1028,0.5628,0.6261,1.5257
BTN,Bhutan,2018,1.0777,0.2843,0.5484,1.5902
BTN,Bhutan,2019,1.0655,0.2531,0.5845,1.5723
BTN,Bhutan,2020,1.0135,0.3056,0.577,1.6184
BTN,Bhutan,2021,0.7973,0.7109,0.6053,1.507
BTN,Bhutan,2022,1.0093,0.5613,0.6736,1.5148
BTN,Bhutan,2023,0.9828,0.5663,0.6677,1.5314
BWA,Botswana,2015,1.0314,0.4515,0.4832,0.7809
BWA,Botswana,2016,0.9792,0.4974,0.3799,0.867
BWA,Botswana,2017,1.0093,0.3671,0.3606,0.7124
BWA,Botswana,2018,0.9585,0.2545,0.3838,0.7191
BWA,Botswana,2019,1.0953,0.3758,0.433,0.6854
BWA,Botswana,2020,1.0132,0.1679,0.3822,0.6108
BWA,Botswana,2021,1.0414,0.3237,0.4533,0.6651
BWA,Botswana,2022,1.074,0.4395,0.4592,0.6619
BWA,Botswana,2023,1.0384,0.4308,0.3904,0.6858
CAF,Central African Republic,2015,-1.8936,-1.8111,-1.7116,-1.3274
CAF,Central African Republic,2016,-1.7795,-1.8073,-1.851,-1.3051
CAF,Central African Republic,2017,-1.9935,-1.7925,-1.7581,-1.1983
CAF,Central African Republic,2018,-2.1722,-1.7354,-1.7172,-1.2333
CAF,Central African Republic,2019,-2.1359,-1.7803,-1.7653,-1.2342
CAF,Central African Republic,2020,-2.2363,-1.7288,-1.7542,-1.295
CAF,Central African Republic,2021,-2.1269,-1.6732,-1.6887,-1.2466
CAF,Central African Republic,2022,-2.2051,-1.7103,-1.6999,-1.2461
CAF,Central African Republic,2023,-2.2031,-1.735,-1.7595,-1.3114
CAN,Canada,2015,1.2623,1.7309,1.8071,1.8457
CAN,Canada,2016,1.2404,1.7445,1.8009,1.9445
CAN,Canada,2017,1.0897,1.8156,1.7634,1.8814
CAN,Canada,2018,0.964,1.6751,1.7151,1.7902
CAN,Canada,2019,0.9949,1.6973,1.7198,1.7299
CAN,Canada,2020,1.0132,1.5983,1.6191,1.5657
CAN,Canada,2021,0.9623,1.5615,1.5929,1.6163
CAN,Canada,2022,0.7807,1.5666,1.5646,1.6586
CAN,Canada,2023,0.8224,1.5168,1.473,1.6715
CHE,Switzerland,2015,1.3265,1.9675,1.9093,2.0947
CHE,Switzerland,2016,1.2899,1.9718,1.9062,1.943
CHE,Switzerland,2017,1.2423,2.0178,1.8887,1.9452
CHE,Switzerland,2018,1.3195,1.9971,1.8876,1.9697
CHE,Switzerland,2019,1.311,1.9162,1.8627,1.9449
CHE,Switzerland,2020,1.1762,1.972,1.7769,2.0454
CHE,Switzerland,2021,1.1154,1.9908,1.768,1.9588
CHE,Switzerland,2022,1.1597,2.0494,1.7512,2.0094
CHE,Switzerland,2023,1.0714,2.1349,1.7617,2.022
CHL,Chile,2015,0.4249,0.9188,1.2197,1.1825
CHL,Chile,2016,0.4024,0.8338,0.9604,1.0228
CHL,Chile,2017,0.4063,0.8095,0.9815,1.0017
CHL,Chile,2018,0.4128,0.9072,0.9403,0.9582
CHL,Chile,2019,-0.0161,0.8635,0.9242,0.9789
CHL,Chile,2020,0.044,0.705,0.9302,1.1061
CHL,Chile,2021,0.1614,0.5903,0.8899,0.9563
CHL,Chile,2022,0.1321,0.5462,0.6885,0.9681
CHL,Chile,2023,0.1362,0.7176,0.6251,0.9686
CHN,China,2015,-0.5526,0.4174,-0.4085,-0.2999
CHN,China,2016,-0.5022,0.3564,-0.324,-0.2681
CHN,China,2017,-0.2326,0.4169,-0.2552,-0.2916
CHN,China,2018,-0.2986,0.4967,-0.1865,-0.2868
CHN,China,2019,-0.2598,0.5449,-0.2617,-0.3126
CHN,China,2020,-0.4741,0.644,-0.1025,-0.071
CHN,China,2021,-0.5165,0.8079,0.0103,0.0302
CHN,China,2022,-0.4513,0.4942,-0.0422,0.0161
CHN,China,2023,-0.5131,0.679,-0.0401,-0.0054
CIV,Cote d'Ivoire,2015,-0.8351,-0.7475,-0.6515,-0.4624
CIV,Cote d'Ivoire,2016,-0.9092,-0.7364,-0.663,-0.5555
CIV,Cote d'Ivoire,2017,-1.0911,-0.8122,-0.6508,-0.5505
CIV,Cote d'Ivoire,2018,-0.898,-0.6475,-0.6027,-0.5262
CIV,Cote d'Ivoire,2019,-1.0365,-0.5592,-0.6105,-0.5637
CIV,Cote d'Ivoire,2020,-1.0332,-0.5391,-0.6569,-0.5517
CIV,Cote d'Ivoire,2021,-0.715,-0.537,-0.661,-0.3952
CIV,Cote d'Ivoire,2022,-0.5873,-0.3338,-0.474,-0.3387
CIV,Cote d'Ivoire,2023,-0.6318,-0.3595,-0.4612,-0.313
CMR,Cameroon,2015,-0.9899,-0.8338,-0.9983,-1.0966
CMR,Cameroon,2016,-1.0612,-0.8228,-1.0591,-1.1794
CMR,Cameroon,2017,-1.0915,-0.8613,-1.0513,-1.2252
CMR,Cameroon,2018,-1.4018,-0.8576,-1.1031,-1.1631
CMR,Cameroon,2019,-1.5618,-0.8661,-1.1415,-1.2174
CMR,Cameroon,2020,-1.5137,-0.9314,-1.1677,-1.1395
CMR,Cameroon,2021,-1.3941,-0.9046,-1.1164,-1.116
CMR,Cameroon,2022,-1.3796,-0.8815,-1.0389,-1.1297
CMR,Cameroon,2023,-1.4004,-0.9063,-1.0382,-1.1626
COD,"Congo, Dem. Rep.",2015,-2.1389,-1.6429,-1.6004,-1.3112
COD,"Congo, Dem. Rep.",2016,-2.2246,-1.5598,-1.648,-1.367
COD,"Congo, Dem. Rep.",2017,-2.3394,-1.6665,-1.7111,-1.4453
COD,"Congo, Dem. Rep.",2018,-2.0805,-1.5725,-1.8036,-1.5179
COD,"Congo, Dem. Rep.",2019,-1.6264,-1.6558,-1.8149,-1.5555
COD,"Congo, Dem. Rep.",2020,-1.7867,-1.7449,-1.8239,-1.5927
COD,"Congo, Dem. Rep.",2021,-1.6606,-1.7567,-1.7238,-1.5696
COD,"Congo, Dem. Rep.",2022,-1.9845,-1.7467,-1.6718,-1.5449
COD,"Congo, Dem. Rep.",2023,-2.0449,-1.6891,-1.6707,-1.4805
COG,"Congo, Rep.",2015,-0.5291,-1.0703,-1.1361,-1.2712
COG,"Congo, Rep.",2016,-0.5235,-1.1338,-1.1495,-1.2273
COG,"Congo, Rep.",2017,-0.5336,-1.2449,-1.1574,-1.3667
COG,"Congo, Rep.",2018,-0.3483,-1.2002,-1.1341,-1.3781
COG,"Congo, Rep.",2019,-0.2993,-1.1317,-1.1102,-1.4361
COG,"Congo, Rep.",2020,-0.213,-1.2544,-1.1192,-1.4607
COG,"Congo, Rep.",2021,-0.2294,-1.3199,-1.0993,-1.392
COG,"Congo, Rep.",2022,0.039,-1.3701,-1.0903,-1.3598
COG,"Congo, Rep.",2023,0.0192,-1.3343,-1.0206,-1.3453
COL,Colombia,2015,-1.0727,-0.0937,-0.2472,-0.3526
COL,Colombia,2016,-0.8872,-0.037,-0.2661,-0.3846
COL,Colombia,2017,-0.7795,-0.1408,-0.3666,-0.4298
COL,Colombia,2018,-0.8069,-0.1394,-0.3837,-0.3404
COL,Colombia,2019,-0.9795,0.0327,-0.3912,-0.2836
COL,Colombia,2020,-0.7012,0.0085,-0.4914,-0.2525
COL,Colombia,2021,-0.9546,-0.0478,-0.4708,-0.3659
COL,Colombia,2022,-0.63,0.0138,-0.4278,-0.3621
COL,Colombia,2023,-0.7173,-0.0759,-0.4583,-0.3092
COM,Comoros,2015,-0.2445,-1.6415,-0.8529,-0.7699
COM,Comoros,2016,0.022,-1.6782,-1.0484,-0.7068
COM,Comoros,2017,0.0224,-1.677,-1.1026,-0.7104
COM,Comoros,2018,-0.3616,-1.7161,-1.1429,-0.852
COM,Comoros,2019,-0.1768,-1.7533,-1.1572,-1.0584
COM,Comoros,2020,-0.2874,-1.6431,-1.277,-1.2092
COM,Comoros,2021,-0.228,-1.8138,-1.2578,-1.3102
COM,Comoros,2022,-0.2264,-1.6831,-1.3146,-1.245
COM,Comoros,2023,-0.2263,-1.5351,-1.3413,-0.9901
CPV,Cabo Verde,2015,0.8558,0.1683,0.5676,0.9297
CPV,Cabo Verde,2016,0.8712,0.1137,0.2849,0.8441
CPV,Cabo Verde,2017,0.7629,0.1431,0.3529,0.7965
CPV,Cabo Verde,2018,0.8333,0.3409,0.3931,0.7554
CPV,Cabo Verde,2019,0.8596,0.2788,0.4468,0.851
CPV,Cabo Verde,2020,0.8742,0.1993,0.4308,0.8461
CPV,Cabo Verde,2021,0.8944,0.0017,0.3277,1.0164
CPV,Cabo Verde,2022,0.9271,0.0208,0.3987,0.9599
CPV,Cabo Verde,2023,0.9032,0.0137,0.4001,0.9849
CRI,Costa Rica,2015,0.67,0.3066,0.4928,0.6871
CRI,Costa Rica,2016,0.6486,0.2839,0.431,0.6783
CRI,Costa Rica,2017,0.597,0.2225,0.4289,0.4324
CRI,Costa Rica,2018,0.4534,0.3527,0.4678,0.5011
CRI,Costa Rica,2019,0.4303,0.3477,0.5295,0.6269
CRI,Costa Rica,2020,0.7468,0.1965,0.4988,0.6614
CRI,Costa Rica,2021,0.8604,0.2229,0.4237,0.4703
CRI,Costa Rica,2022,0.9566,0.0526,0.4359,0.4659
CRI,Costa Rica,2023,0.9842,0.2602,0.3893,0.6537
CUB,Cuba,2015,0.6348,0.0028,-0.7181,0.0384
CUB,Cuba,2016,0.6731,-0.1246,-0.4589,0.1356
CUB,Cuba,2017,0.6385,-0.1986,-0.4497,0.2326
CUB,Cuba,2018,0.6406,-0.2501,-0.4638,0.1343
CUB,Cuba,2019,0.6105,-0.1779,-0.3405,0.0149
CUB,Cuba,2020,0.5961,-0.204,-0.2854,-0.154
CUB,Cuba,2021,0.3928,-0.2498,-0.4199,-0.0332
CUB,Cuba,2022,0.4914,-0.3509,-0.4614,-0.0693
CUB,Cuba,2023,0.3842,-0.4755,-0.453,-0.0551
CYM,Cayman Islands,2015,1.1287,1.1305,0.7834,0.9733
CYM,Cayman Islands,2016,1.1408,1.1407,0.7641,0.482
CYM,Cayman Islands,2017,1.1626,1.1825,0.744,0.481
CYM,Cayman Islands,2018,1.1108,1.158,0.7397,0.456
CYM,Cayman Islands,2019,1.4015,1.1251,0.7335,0.4279
CYM,Cayman Islands,2020,1.4565,1.075,0.7261,0.4385
CYM,Cayman Islands,2021,1.6248,1.2399,0.7414,0.4685
CYM,Cayman Islands,2022,1.6607,1.2623,0.7211,0.4577
CYM,Cayman Islands,2023,1.6256,1.2372,0.7218,0.4376
CYP,Cyprus,2015,0.5424,1.0176,1.0103,0.9712
CYP,Cyprus,2016,0.5938,0.9263,0.6932,0.7895
CYP,Cyprus,2017,0.531,0.8854,0.8545,0.7466
CYP,Cyprus,2018,0.4845,0.8836,0.7211,0.6077
CYP,Cyprus,2019,0.5446,0.9558,0.7267,0.599
CYP,Cyprus,2020,0.2888,0.8394,0.5472,0.3499
CYP,Cyprus,2021,0.4222,0.6979,0.6057,0.3694
CYP,Cyprus,2022,0.4238,0.7303,0.5701,0.4214
CYP,Cyprus,2023,0.4096,0.7377,0.628,0.3327
CZE,Czechia,2015,0.9703,1.0256,1.1071,0.4679
CZE,Czechia,2016,0.9634,1.0081,0.9883,0.5559
CZE,Czechia,2017,0.9907,1.0306,1.0886,0.5681
CZE,Czechia,2018,1.0264,0.9512,1.0198,0.5097
CZE,Czechia,2019,0.942,0.9196,1.0171,0.5335
CZE,Czechia,2020,0.9123,0.911,1.0185,0.5554
CZE,Czechia,2021,0.9475,1.0697,1.0904,0.6153
CZE,Czechia,2022,0.8141,1.0934,1.1004,0.6631
CZE,Czechia,2023,0.9674,1.114,1.1422,0.7678
DEU,Germany,2015,0.6875,1.6564,1.7591,1.7758
DEU,Germany,2016,0.6675,1.6602,1.5833,1.7813
DEU,Germany,2017,0.5744,1.6131,1.5741,1.797
DEU,Germany,2018,0.5779,1.5236,1.5914,1.8984
DEU,Germany,2019,0.5485,1.4953,1.5813,1.8651
DEU,Germany,2020,0.645,1.3137,1.5201,1.8253
DEU,Germany,2021,0.7258,1.2891,1.5718,1.7829
DEU,Germany,2022,0.6285,1.2893,1.532,1.8184
DEU,Germany,2023,0.587,1.1854,1.5512,1.6642
DJI,Djibouti,2015,-0.4477,-1.0177,-0.9448,-0.6975
DJI,Djibouti,2016,-0.6286,-1.0396,-1.0007,-0.6898
DJI,Djibouti,2017,-0.7339,-1.0867,-0.932,-0.6714
DJI,Djibouti,2018,-0.1334,-0.986,-0.9504,-0.7431
DJI,Djibouti,2019,-0.3434,-0.8181,-0.9462,-0.8805
DJI,Djibouti,2020,-0.4482,-0.7611,-1.043,-0.7529
DJI,Djibouti,2021,-0.5663,-0.8322,-1.0295,-0.805
DJI,Djibouti,2022,-0.5074,-0.7868,-1.1026,-0.7933
DJI,Djibouti,2023,-0.5167,-0.7315,-1.1252,-0.7809
DMA,Dominica,2015,1.0544,0.2145,0.7021,0.6071
DMA,Dominica,2016,0.9777,0.1685,0.65,0.6242
DMA,Dominica,2017,1.1728,-0.2421,0.6512,0.6347
DMA,Dominica,2018,1.0691,-0.269,0.7045,0.5358
DMA,Dominica,2019,1.0299,-0.2531,0.7183,0.5216
DMA,Dominica,2020,1.3171,-0.1268,0.7916,0.5568
DMA,Dominica,2021,1.3341,-0.1203,0.6917,0.5475
DMA,Dominica,2022,1.308,-0.0973,0.7342,0.5396
DMA,Dominica,2023,1.2853,0.2608,0.6249,0.5445
DNK,Denmark,2015,0.8871,1.7947,2.0151,2.1859
DNK,Denmark,2016,0.8529,1.8212,1.8829,2.203
DNK,Denmark,2017,0.8549,1.7468,1.8043,2.1907
DNK,Denmark,2018,0.932,1.8106,1.7732,2.157
DNK,Denmark,2019,0.9676,1.8733,1.8334,2.1216
DNK,Denmark,2020,0.9202,1.8401,1.8068,2.2365
DNK,Denmark,2021,0.9287,1.9597,1.8957,2.3334
DNK,Denmark,2022,0.8689,1.9901,1.8996,2.4026
DNK,Denmark,2023,0.8508,2.0156,1.9089,2.3761
DOM,Dominican Republic,2015,0.2276,-0.3948,-0.5295,-0.8737
DOM,Dominican Republic,2016,0.2413,-0.2907,-0.3941,-0.8105
DOM,Dominican Republic,2017,0.1521,-0.3834,-0.428,-0.7876
DOM,Dominican Republic,2018,0.0123,-0.3887,-0.3652,-0.8309
DOM,Dominican Republic,2019,-0.0031,-0.3513,-0.3203,-0.839
DOM,Dominican Republic,2020,0.165,-0.2814,-0.171,-0.751
DOM,Dominican Republic,2021,0.2874,-0.0026,-0.1164,-0.5904
DOM,Dominican Republic,2022,0.2493,-0.0685,-0.0934,-0.4398
DOM,Dominican Republic,2023,0.239,0.128,-0.1286,-0.4495
DZA,Algeria,2015,-1.0908,-0.4108,-0.942,-0.6395
DZA,Algeria,2016,-1.0997,-0.4647,-0.9167,-0.6737
DZA,Algeria,2017,-0.9196,-0.537,-0.925,-0.5989
DZA,Algeria,2018,-0.8421,-0.4885,-0.807,-0.6589
DZA,Algeria,2019,-1.0559,-0.5679,-0.861,-0.6562
DZA,Algeria,2020,-0.8478,-0.5736,-0.798,-0.6668
DZA,Algeria,2021,-0.9925,-0.6527,-0.833,-0.636
DZA,Algeria,2022,-0.6507,-0.5135,-0.8333,-0.638
DZA,Algeria,2023,-0.5779,-0.6701,-0.6784,-0.5893
ECU,Ecuador,2015,-0.1473,-0.3945,-0.9564,-0.6724
ECU,Ecuador,2016,-0.0917,-0.3836,-0.6491,-0.6808
ECU,Ecuador,2017,-0.0789,-0.3522,-0.7181,-0.6261
ECU,Ecuador,2018,-0.0947,-0.3178,-0.6633,-0.6295
ECU,Ecuador,2019,-0.2382,-0.3677,-0.543,-0.5093
ECU,Ecuador,2020,-0.2702,-0.4705,-0.5409,-0.5041
ECU,Ecuador,2021,-0.2574,-0.2416,-0.355,-0.5946
ECU,Ecuador,2022,-0.3712,-0.3093,-0.6208,-0.6303
ECU,Ecuador,2023,-0.3381,-0.4942,-0.9578,-0.6473
EGY,"Egypt, Arab Rep.",2015,-1.4993,-0.6903,-0.6018,-0.6009
EGY,"Egypt, Arab Rep.",2016,-1.4397,-0.5362,-0.4775,-0.5909
EGY,"Egypt, Arab Rep.",2017,-1.4296,-0.5306,-0.448,-0.496
EGY,"Egypt, Arab Rep.",2018,-1.1881,-0.454,-0.3014,-0.5147
EGY,"Egypt, Arab Rep.",2019,-1.1246,-0.2514,-0.3321,-0.6553
EGY,"Egypt, Arab Rep.",2020,-1.1819,-0.4462,-0.3175,-0.8104
EGY,"Egypt, Arab Rep.",2021,-1.0329,-0.4577,-0.2606,-0.7059
EGY,"Egypt, Arab Rep.",2022,-0.9787,-0.4482,-0.2656,-0.679
EGY,"Egypt, Arab Rep.",2023,-0.8668,-0.2395,-0.1842,-0.7478
ERI,Eritrea,2015,-0.8785,-1.6797,-1.5254,-1.3395
ERI,Eritrea,2016,-0.6623,-1.7815,-1.6623,-1.3444
ERI,Eritrea,2017,-0.7334,-1.7976,-1.5931,-1.2313
ERI,Eritrea,2018,-0.6094,-1.7684,-1.6195,-1.3225
ERI,Eritrea,2019,-0.706,-1.8026,-1.6308,-1.4077
ERI,Eritrea,2020,-0.9927,-1.6432,-1.4901,-1.3406
ERI,Eritrea,2021,-1.0557,-1.696,-1.5835,-1.2575
ERI,Eritrea,2022,-0.9572,-1.7313,-1.7731,-1.2822
ERI,Eritrea,2023,-0.7928,-1.7938,-1.7621,-1.4753
ESP,Spain,2015,0.2412,1.1573,0.8861,0.631
ESP,Spain,2016,0.4022,1.0949,0.9654,0.5698
ESP,Spain,2017,0.2708,1.0013,1.0244,0.5103
ESP,Spain,2018,0.2759,0.9692,0.9781,0.6128
ESP,Spain,2019,0.2928,0.9688,0.9902,0.6664
ESP,Spain,2020,0.4114,0.8539,0.861,0.7118
ESP,Spain,2021,0.5092,0.9079,0.8433,0.7154
ESP,Spain,2022,0.3188,0.9202,0.7992,0.6854
ESP,Spain,2023,0.2873,0.7521,0.8229,0.6294
EST,Estonia,2015,0.6139,1.0359,1.3005,1.2554
EST,Estonia,2016,0.6628,1.0546,1.1926,1.2311
EST,Estonia,2017,0.6424,1.0723,1.2485,1.2026
EST,Estonia,2018,0.5804,1.1506,1.2035,1.4685
EST,Estonia,2019,0.6302,1.1398,1.2427,1.5252
EST,Estonia,2020,0.7098,1.299,1.3351,1.5808
EST,Estonia,2021,0.7486,1.3433,1.3894,1.5066
EST,Estonia,2022,0.7279,1.3426,1.4263,1.5447
EST,Estonia,2023,0.6605,1.2635,1.4264,1.5381
ETH,Ethiopia,2015,-1.4969,-0.712,-0.5272,-0.4761
ETH,Ethiopia,2016,-1.6172,-0.7143,-0.5078,-0.4421
ETH,Ethiopia,2017,-1.6772,-0.7593,-0.4698,-0.5823
ETH,Ethiopia,2018,-1.2746,-0.6669,-0.4447,-0.5053
ETH,Ethiopia,2019,-1.3038,-0.6614,-0.482,-0.4345
ETH,Ethiopia,2020,-1.7537,-0.5896,-0.4029,-0.3897
ETH,Ethiopia,2021,-2.1838,-0.6504,-0.6233,-0.422
ETH,Ethiopia,2022,-2.0706,-0.7918,-0.6359,-0.4333
ETH,Ethiopia,2023,-1.9696,-0.7687,-0.6702,-0.4651
FIN,Finland,2015,1.028,1.8432,2.053,2.2156
FIN,Finland,2016,0.9826,1.8416,2.0077,2.1863
FIN,Finland,2017,1.0638,1.9773,2.0241,2.1623
FIN,Finland,2018,0.8919,2.0139,2.0344,2.1718
FIN,Finland,2019,0.8353,1.9728,2.0126,2.1139
FIN,Finland,2020,0.9818,1.901,2.0186,2.1704
FIN,Finland,2021,0.9633,1.9183,2.0135,2.2378
FIN,Finland,2022,0.8948,1.7546,1.9579,2.2469
FIN,Finland,2023,0.714,1.7386,1.967,2.2215
FJI,Fiji,2015,0.5697,-0.3343,-0.3629,0.3781
FJI,Fiji,2016,0.897,-0.2804,-0.0901,0.3356
FJI,Fiji,2017,0.5854,0.2372,-0.0815,0.6388
FJI,Fiji,2018,0.8329,0.7748,0.1767,0.7
FJI,Fiji,2019,0.7793,0.7624,0.4225,0.6881
FJI,Fiji,2020,0.6628,0.5906,0.1975,0.6134
FJI,Fiji,2021,0.7251,0.6605,0.3007,0.4434
FJI,Fiji,2022,0.7485,0.594,0.3253,0.3889
FJI,Fiji,2023,0.7443,0.4908,0.3049,0.5063
FRA,France,2015,0.0978,1.4173,1.3668,1.2478
FRA,France,2016,-0.1063,1.3806,1.3516,1.3283
FRA,France,2017,0.2657,1.3089,1.3981,1.2245
FRA,France,2018,0.0139,1.4197,1.3962,1.2816
FRA,France,2019,0.2713,1.3382,1.3715,1.2481
FRA,France,2020,0.281,1.2043,1.2987,1.1226
FRA,France,2021,0.3256,1.2285,1.2592,1.2819
FRA,France,2022,0.3933,1.1652,1.1806,1.2594
FRA,France,2023,0.3437,1.1446,1.1806,1.1848
FSM,"Micronesia, Fed. Sts.",2015,1.0172,-0.1559,-0.2831,0.6784
FSM,"Micronesia, Fed. Sts.",2016,1.0365,-0.0447,-0.0026,0.7057
FSM,"Micronesia, Fed. Sts.",2017,1.1616,0.3971,0.0497,0.7685
FSM,"Micronesia, Fed. Sts.",2018,1.3154,0.1639,0.0347,0.6723
FSM,"Micronesia, Fed. Sts.",2019,1.0328,0.0968,0.0816,0.7106
FSM,"Micronesia, Fed. Sts.",2020,1.1155,0.3572,0.1904,0.8749
FSM,"Micronesia, Fed. Sts.",2021,1.1979,0.3046,0.5217,0.5635
FSM,"Micronesia, Fed. Sts.",2022,1.2092,0.3799,0.6897,0.4833
FSM,"Micronesia, Fed. Sts.",2023,1.0808,0.2323,0.644,0.7837
GAB,Gabon,2015,0.0152,-0.7594,-0.5644,-0.7236
GAB,Gabon,2016,-0.1101,-0.8327,-0.6118,-0.7588
GAB,Gabon,2017,-0.1059,-1.0043,-0.7235,-0.8419
GAB,Gabon,2018,-0.2573,-0.8266,-0.7198,-0.8592
GAB,Gabon,2019,-0.0751,-0.9575,-0.7562,-0.887
GAB,Gabon,2020,-0.0658,-0.9915,-0.6799,-0.8869
GAB,Gabon,2021,-0.0757,-0.8164,-0.7082,-0.868
GAB,Gabon,2022,0.0604,-0.6854,-0.8238,-1.043
GAB,Gabon,2023,-0.3355,-0.7798,-0.8727,-1.0155
GBR,United Kingdom,2015,0.5037,1.7052,1.7707,1.8313
GBR,United Kingdom,2016,0.3479,1.5738,1.64,1.8505
GBR,United Kingdom,2017,0.3807,1.4309,1.6451,1.8143
GBR,United Kingdom,2018,0.0771,1.3617,1.6032,1.8069
GBR,United Kingdom,2019,0.5267,1.4498,1.5699,1.7487
GBR,United Kingdom,2020,0.4831,1.3322,1.464,1.6602
GBR,United Kingdom,2021,0.49,1.2397,1.3955,1.6406
GBR,United Kingdom,2022,0.5332,1.2381,1.4138,1.6201
GBR,United Kingdom,2023,0.5149,1.1611,1.3984,1.4809
GEO,Georgia,2015,-0.4722,0.2631,0.2228,0.7007
GEO,Georgia,2016,-0.3201,0.4209,0.3358,0.7135
GEO,Georgia,2017,-0.3752,0.4815,0.2627,0.7595
GEO,Georgia,2018,-0.4476,0.5181,0.2705,0.7248
GEO,Georgia,2019,-0.4982,0.7662,0.2487,0.7165
GEO,Georgia,2020,-0.4296,0.7167,0.2229,0.6015
GEO,Georgia,2021,-0.4296,0.6165,0.1444,0.6611
GEO,Georgia,2022,-0.4365,0.6501,0.1695,0.6204
GEO,Georgia,2023,-0.3356,0.7913,0.1773,0.6177
GHA,Ghana,2015,-0.0382,-0.3198,0.1231,-0.2108
GHA,Ghana,2016,-0.1389,-0.2541,0.0332,-0.1755
GHA,Ghana,2017,0.082,-0.1871,0.1055,-0.2534
GHA,Ghana,2018,-0.0366,-0.3199,0.0511,-0.1384
GHA,Ghana,2019,0.1185,-0.29,0.0127,-0.1087
GHA,Ghana,2020,0.1699,-0.197,-0.0821,-0.1272
GHA,Ghana,2021,0.0659,-0.1765,-0.1077,-0.128
GHA,Ghana,2022,-0.195,-0.1064,-0.0795,-0.0644
GHA,Ghana,2023,-0.0216,-0.0927,-0.0996,-0.099
GIN,Guinea,2015,-0.3865,-1.1854,-1.1881,-1.0145
GIN,Guinea,2016,-0.3961,-1.0659,-1.2448,-0.9469
GIN,Guinea,2017,-0.6991,-1.0855,-1.2542,-1.0376
GIN,Guinea,2018,-0.8806,-1.0255,-1.2318,-1.0601
GIN,Guinea,2019,-0.8426,-0.8558,-1.2372,-0.9144
GIN,Guinea,2020,-0.6693,-0.9691,-1.3038,-0.9732
GIN,Guinea,2021,-0.9399,-0.9525,-1.1588,-1.021
GIN,Guinea,2022,-0.8387,-0.9142,-1.0977,-0.9718
GIN,Guinea,2023,-0.8779,-0.9079,-1.114,-0.8977
GMB,"Gambia, The",2015,0.0162,-0.9906,-0.7455,-0.8137
GMB,"Gambia, The",2016,-0.442,-0.9374,-0.7987,-0.8506
GMB,"Gambia, The",2017,-0.0948,-0.7451,-0.4539,-0.6578
GMB,"Gambia, The",2018,-0.0875,-0.7514,-0.4558,-0.5021
GMB,"Gambia, The",2019,0.2145,-0.7652,-0.4056,-0.4071
GMB,"Gambia, The",2020,0.248,-0.7862,-0.3935,-0.4248
GMB,"Gambia, The",2021,0.0353,-0.6761,-0.4056,-0.3809
GMB,"Gambia, The",2022,0.044,-0.6536,-0.4551,-0.2755
GMB,"Gambia, The",2023,-0.012,-0.5906,-0.3743,-0.2811
GNB,Guinea-Bissau,2015,-0.5166,-1.6544,-1.3125,-1.5099
GNB,Guinea-Bissau,2016,-0.4453,-1.7073,-1.5377,-1.5865
GNB,Guinea-Bissau,2017,-0.4977,-1.8065,-1.4641,-1.5961
GNB,Guinea-Bissau,2018,-0.6848,-1.5219,-1.266,-1.5591
GNB,Guinea-Bissau,2019,-0.5616,-1.5602,-1.3033,-1.498
GNB,Guinea-Bissau,2020,-0.7217,-1.4656,-1.4003,-1.3633
GNB,Guinea-Bissau,2021,-0.28,-1.4483,-1.4621,-1.3202
GNB,Guinea-Bissau,2022,-0.3859,-1.4869,-1.454,-1.1855
GNB,Guinea-Bissau,2023,-0.3277,-1.4326,-1.4364,-1.1784
GNQ,Equatorial Guinea,2015,-0.2078,-1.1791,-1.3342,-1.5725
GNQ,Equatorial Guinea,2016,-0.1467,-1.1644,-1.3906,-1.6032
GNQ,Equatorial Guinea,2017,-0.172,-1.1723,-1.3683,-1.6458
GNQ,Equatorial Guinea,2018,-0.0902,-1.1962,-1.4232,-1.5434
GNQ,Equatorial Guinea,2019,-0.1479,-1.0413,-1.2848,-1.5639
GNQ,Equatorial Guinea,2020,-0.2216,-1.2156,-1.1583,-1.5396
GNQ,Equatorial Guinea,2021,-0.2027,-1.1841,-1.2028,-1.5873
GNQ,Equatorial Guinea,2022,-0.2363,-1.2971,-1.4083,-1.602
GNQ,Equatorial Guinea,2023,-0.2354,-1.3203,-1.3387,-1.5704
GRC,Greece,2015,-0.2356,0.1459,0.2525,-0.1191
GRC,Greece,2016,-0.1297,0.1244,0.1124,-0.1345
GRC,Greece,2017,-0.0812,0.2392,0.0503,-0.112
GRC,Greece,2018,0.154,0.2585,0.113,-0.0562
GRC,Greece,2019,0.1624,0.3143,0.1581,0.0137
GRC,Greece,2020,0.1152,0.4029,0.289,0.032
GRC,Greece,2021,0.1014,0.406,0.3212,0.183
GRC,Greece,2022,0.1065,0.447,0.3251,0.0376
GRC,Greece,2023,0.2397,0.148,0.2132,0.0978
GRD,Grenada,2015,0.7797,-0.151,0.1749,0.5399
GRD,Grenada,2016,0.9986,-0.1192,0.6203,0.5611
GRD,Grenada,2017,0.9924,-0.1446,0.4541,0.4599
GRD,Grenada,2018,0.9688,-0.197,0.2495,0.3703
GRD,Grenada,2019,0.9381,-0.1086,0.1873,0.3383
GRD,Grenada,2020,1.0326,0.0025,0.3277,0.3578
GRD,Grenada,2021,1.0403,0.0204,0.4905,0.4945
GRD,Grenada,2022,1.0336,0.0385,0.5556,0.4842
GRD,Grenada,2023,1.018,-0.0061,0.6049,0.5582
GRL,Greenland,2015,1.9471,0.8426,1.6717,1.1588
GRL,Greenland,2016,1.9642,0.8146,1.6899,1.1323
GRL,Greenland,2017,1.9276,0.8103,1.6899,1.1491
GRL,Greenland,2018,1.9368,0.8081,1.7018,1.1441
GRL,Greenland,2019,1.8874,0.7869,1.7106,1.1121
GRL,Greenland,2020,1.9106,0.7665,1.7012,1.01
GRL,Greenland,2021,1.8776,0.7479,1.6868,1.0019
GRL,Greenland,2022,1.5698,0.7565,1.6899,1.0291
GRL,Greenland,2023,1.4954,0.7639,1.6843,1.0283
GTM,Guatemala,2015,-0.6544,-0.7699,-0.9541,-0.7814
GTM,Guatemala,2016,-0.545,-0.6541,-1.0321,-0.7913
GTM,Guatemala,2017,-0.6514,-0.6925,-1.0773,-0.7875
GTM,Guatemala,2018,-0.5381,-0.7178,-1.0757,-0.8218
GTM,Guatemala,2019,-0.5773,-0.7265,-1.1004,-0.9156
GTM,Guatemala,2020,-0.4158,-0.7134,-1.1004,-1.1341
GTM,Guatemala,2021,-0.3955,-0.7829,-1.1103,-1.1927
GTM,Guatemala,2022,-0.2629,-0.9078,-1.1275,-1.2101
GTM,Guatemala,2023,-0.2444,-0.8972,-1.0753,-1.1216
GUM,Guam,2015,0.7867,0.4428,1.2855,1.1517
GUM,Guam,2016,0.6521,0.218,1.0454,1.1594
GUM,Guam,2017,0.6785,0.2372,1.2953,1.1718
GUM,Guam,2018,0.6974,0.2226,1.2966,1.1789
GUM,Guam,2019,0.8865,0.2176,1.2682,1.1762
GUM,Guam,2020,0.8894,0.6326,1.1185,1.2655
GUM,Guam,2021,0.8785,0.6387,1.1388,1.2797
GUM,Guam,2022,0.8161,0.6676,1.2211,1.2703
GUM,Guam,2023,0.8934,0.6542,0.9481,1.2514
GUY,Guyana,2015,-0.1396,-0.3302,-0.5411,-0.6576
GUY,Guyana,2016,-0.0342,-0.2836,-0.3134,-0.348
GUY,Guyana,2017,-0.0494,-0.2818,-0.2992,-0.5311
GUY,Guyana,2018,-0.1918,-0.2548,-0.3836,-0.25
GUY,Guyana,2019,-0.2541,-0.3956,-0.4452,-0.1427
GUY,Guyana,2020,-0.1376,-0.4467,-0.4336,-0.1732
GUY,Guyana,2021,-0.1371,-0.2614,-0.4166,-0.1873
GUY,Guyana,2022,0.0207,-0.2663,-0.3134,-0.2955
GUY,Guyana,2023,-0.0552,-0.2945,-0.3422,-0.3837
HKG,"Hong Kong SAR, China",2015,1.0352,1.8779,1.7903,1.6106
HKG,"Hong Kong SAR, China",2016,0.7362,1.8039,1.6841,1.5171
HKG,"Hong Kong SAR, China",2017,0.8182,1.8634,1.6813,1.5721
HKG,"Hong Kong SAR, China",2018,0.7766,1.8608,1.7297,1.6376
HKG,"Hong Kong SAR, China",2019,-0.227,1.707,1.5657,1.6527
HKG,"Hong Kong SAR, China",2020,0.0566,1.6184,1.5502,1.6171
HKG,"Hong Kong SAR, China",2021,0.2639,1.4876,1.4117,1.6794
HKG,"Hong Kong SAR, China",2022,0.5749,1.5897,1.2782,1.6108
HKG,"Hong Kong SAR, China",2023,0.6731,1.5548,1.2936,1.6251
HND,Honduras,2015,-0.4728,-0.8594,-0.9426,-0.5897
HND,Honduras,2016,-0.4375,-0.7634,-1.1369,-0.6794
HND,Honduras,2017,-0.5656,-0.5309,-1.0604,-0.7388
HND,Honduras,2018,-0.5318,-0.6183,-1.0572,-0.6569
HND,Honduras,2019,-0.5691,-0.6191,-1.0415,-0.8759
HND,Honduras,2020,-0.4485,-0.6458,-1.0103,-0.9881
HND,Honduras,2021,-0.6278,-0.8191,-1.088,-1.0915
HND,Honduras,2022,-0.5684,-0.8673,-1.0175,-1.0023
HND,Honduras,2023,-0.4592,-0.7952,-1.095,-1.112
HRV,Croatia,2015,0.5865,0.4574,0.1274,0.1999
HRV,Croatia,2016,0.6542,0.4223,0.3399,0.1557
HRV,Croatia,2017,0.6819,0.5355,0.3089,0.0596
HRV,Croatia,2018,0.7937,0.5139,0.3015,0.0468
HRV,Croatia,2019,0.6855,0.4568,0.3483,0.0524
HRV,Croatia,2020,0.6073,0.4248,0.2362,0.1771
HRV,Croatia,2021,0.6216,0.5524,0.2754,0.0375
HRV,Croatia,2022,0.6726,0.5813,0.3678,0.1478
HRV,Croatia,2023,0.5977,0.7127,0.3606,0.1819
HTI,Haiti,2015,-0.6716,-2.1014,-1.1952,-1.2586
HTI,Haiti,2016,-0.7455,-2.1724,-1.0121,-1.3542
HTI,Haiti,2017,-0.6761,-2.1282,-1.0918,-1.2582
HTI,Haiti,2018,-0.6401,-1.966,-1.0608,-1.2857
HTI,Haiti,2019,-0.8876,-2.0671,-0.9738,-1.3472
HTI,Haiti,2020,-1.0275,-2.1133,-1.0305,-1.3467
HTI,Haiti,2021,-1.1281,-2.2212,-1.2629,-1.4417
HTI,Haiti,2022,-1.4192,-2.2282,-1.378,-1.4592
HTI,Haiti,2023,-1.4345,-2.2253,-1.3636,-1.4439
HUN,Hungary,2015,0.7378,0.5097,0.382,0.1187
HUN,Hungary,2016,0.6434,0.4571,0.4136,0.0722
HUN,Hungary,2017,0.7962,0.4813,0.5374,0.0906
HUN,Hungary,2018,0.7376,0.4432,0.5551,0.0553
HUN,Hungary,2019,0.7619,0.4505,0.4987,0.0306
HUN,Hungary,2020,0.837,0.5385,0.4924,0.069
HUN,Hungary,2021,0.7986,0.5968,0.5054,0.012
HUN,Hungary,2022,0.6787,0.5339,0.4221,-0.1033
HUN,Hungary,2023,0.7319,0.3728,0.4271,-0.0005
IDN,Indonesia,2015,-0.62,-0.3258,-0.4245,-0.5191
IDN,Indonesia,2016,-0.3797,-0.0508,-0.339,-0.4632
IDN,Indonesia,2017,-0.5049,-0.0197,-0.3514,-0.3053
IDN,Indonesia,2018,-0.552,0.1414,-0.3144,-0.2996
IDN,Indonesia,2019,-0.5021,0.1387,-0.3477,-0.4735
IDN,Indonesia,2020,-0.4623,0.3171,-0.3656,-0.455
IDN,Indonesia,2021,-0.5314,0.3464,-0.2534,-0.4498
IDN,Indonesia,2022,-0.5539,0.4361,-0.1881,-0.4353
IDN,Indonesia,2023,-0.4044,0.5803,-0.1536,-0.4869
IND,India,2015,-0.9548,0.0801,-0.0707,-0.4066
IND,India,2016,-0.9604,0.0614,-0.0562,-0.3373
IND,India,2017,-0.7741,0.0411,-0.0298,-0.2919
IND,India,2018,-0.9977,0.2629,-0.0014,-0.2298
IND,India,2019,-0.7968,0.1308,-0.0672,-0.3026
IND,India,2020,-0.8414,0.3745,-0.0584,-0.2936
IND,India,2021,-0.6911,0.2492,-0.1085,-0.3171
IND,India,2022,-0.615,0.3695,0.1139,-0.3222
IND,India,2023,-0.6351,0.4751,0.1884,-0.366
IRL,Ireland,2015,0.8953,1.5208,1.7284,1.6736
IRL,Ireland,2016,0.8338,1.3296,1.4662,1.6495
IRL,Ireland,2017,0.9934,1.2673,1.3812,1.5296
IRL,Ireland,2018,1.0114,1.3782,1.4125,1.5349
IRL,Ireland,2019,0.9594,1.2576,1.3483,1.4588
IRL,Ireland,2020,0.9655,1.4352,1.4563,1.5351
IRL,Ireland,2021,0.8437,1.4634,1.493,1.6194
IRL,Ireland,2022,0.8847,1.5486,1.5268,1.6744
IRL,Ireland,2023,0.9019,1.5911,1.6336,1.5753
IRN,"Iran, Islamic Rep.",2015,-0.9248,-0.2531,-0.9404,-0.6341
IRN,"Iran, Islamic Rep.",2016,-0.814,-0.2375,-0.696,-0.7399
IRN,"Iran, Islamic Rep.",2017,-0.9338,-0.242,-0.7025,-0.839
IRN,"Iran, Islamic Rep.",2018,-1.3422,-0.4786,-0.7129,-0.9844
IRN,"Iran, Islamic Rep.",2019,-1.7115,-0.5996,-0.7715,-1.0715
IRN,"Iran, Islamic Rep.",2020,-1.6992,-1.0176,-0.8868,-1.1111
IRN,"Iran, Islamic Rep.",2021,-1.5845,-0.8871,-0.9665,-1.1162
IRN,"Iran, Islamic Rep.",2022,-1.6256,-0.8829,-1.0176,-1.1266
IRN,"Iran, Islamic Rep.",2023,-1.6941,-1.0224,-1.061,-1.2319
IRQ,Iraq,2015,-2.2508,-1.2022,-1.5624,-1.4332
IRQ,Iraq,2016,-2.3033,-1.2301,-1.7679,-1.4622
IRQ,Iraq,2017,-2.2959,-1.2221,-1.7553,-1.4316
IRQ,Iraq,2018,-2.5211,-1.2669,-1.8013,-1.4583
IRQ,Iraq,2019,-2.6093,-1.3108,-1.772,-1.3898
IRQ,Iraq,2020,-2.4748,-1.3034,-1.7999,-1.3338
IRQ,Iraq,2021,-2.3847,-1.3201,-1.7488,-1.2693
IRQ,Iraq,2022,-2.4093,-1.3028,-1.7499,-1.2134
IRQ,Iraq,2023,-2.4131,-1.3896,-1.6932,-1.321
ISL,Iceland,2015,1.2985,1.4609,1.6336,1.8978
ISL,Iceland,2016,1.3466,1.3499,1.4832,1.9036
ISL,Iceland,2017,1.3377,1.4136,1.571,1.7946
ISL,Iceland,2018,1.3948,1.4258,1.6793,1.8056
ISL,Iceland,2019,1.6198,1.482,1.7263,1.6706
ISL,Iceland,2020,1.375,1.4759,1.7502,1.6669
ISL,Iceland,2021,1.3724,1.5939,1.7126,1.7601
ISL,Iceland,2022,1.2497,1.563,1.7029,1.5675
ISL,Iceland,2023,1.2144,1.5551,1.7211,1.5513
ISR,Israel,2015,-1.0978,1.3566,1.131,0.9068
ISR,Israel,2016,-0.7994,1.3096,1.0391,1.1472
ISR,Israel,2017,-0.8949,1.3488,0.9894,0.7902
ISR,Israel,2018,-0.9181,1.1693,0.9602,0.7537
ISR,Israel,2019,-0.8156,1.2886,1.0117,0.7739
ISR,Israel,2020,-0.8878,1.052,0.9356,0.5366
ISR,Israel,2021,-1.1223,1.2508,0.9068,0.8294
ISR,Israel,2022,-1.229,1.2361,0.9445,0.781
ISR,Israel,2023,-1.4648,1.1454,0.7838,0.8294
ITA,Italy,2015,0.3633,0.4902,0.2884,0.0266
ITA,Italy,2016,0.3559,0.5442,0.3664,0.0816
ITA,Italy,2017,0.2929,0.4919,0.3191,0.1752
ITA,Italy,2018,0.3263,0.4089,0.2406,0.2157
ITA,Italy,2019,0.3811,0.4509,0.2724,0.2339
ITA,Italy,2020,0.3993,0.3608,0.2067,0.5095
ITA,Italy,2021,0.5505,0.3253,0.2403,0.5171
ITA,Italy,2022,0.4663,0.4486,0.297,0.5277
ITA,Italy,2023,0.5833,0.611,0.3904,0.5501
JAM,Jamaica,2015,0.086,0.2947,-0.1915,-0.2842
JAM,Jamaica,2016,0.2955,0.4737,-0.1731,-0.2087
JAM,Jamaica,2017,0.2983,0.5527,-0.1342,-0.2243
JAM,Jamaica,2018,0.424,0.5955,-0.2182,-0.2307
JAM,Jamaica,2019,0.3883,0.5889,-0.3114,-0.1138
JAM,Jamaica,2020,0.2587,0.5285,-0.2414,-0.0458
JAM,Jamaica,2021,0.218,0.3767,-0.1963,-0.0531
JAM,Jamaica,2022,0.3642,0.6039,-0.071,-0.0233
JAM,Jamaica,2023,0.3848,0.4073,-0.1745,-0.1121
JOR,Jordan,2015,-0.6069,0.1074,0.4147,0.2443
JOR,Jordan,2016,-0.4962,0.1164,0.2459,0.2507
JOR,Jordan,2017,-0.4346,0.0676,0.2359,0.2272
JOR,Jordan,2018,-0.3799,0.0952,0.2314,0.1242
JOR,Jordan,2019,-0.2769,0.0748,0.1323,0.0805
JOR,Jordan,2020,-0.2684,0.095,0.1866,0.0391
JOR,Jordan,2021,-0.3126,0.1945,0.1826,0.0266
JOR,Jordan,2022,-0.2344,0.1941,0.2174,0.073
JOR,Jordan,2023,-0.2027,0.3862,0.2578,0.0887
JPN,Japan,2015,1.0542,1.7532,1.4851,1.5298
JPN,Japan,2016,0.9682,1.7848,1.3837,1.4822
JPN,Japan,2017,1.1001,1.5799,1.5295,1.4812
JPN,Japan,2018,1.0376,1.6346,1.4939,1.3886
JPN,Japan,2019,1.0198,1.55,1.4964,1.431
JPN,Japan,2020,1.0261,1.5473,1.4715,1.4637
JPN,Japan,2021,1.0155,1.3612,1.5403,1.5358
JPN,Japan,2022,1.0326,1.6194,1.558,1.5399
JPN,Japan,2023,0.9511,1.6313,1.5355,1.3957
KAZ,Kazakhstan,2015,-0.0384,-0.1469,-0.5153,-0.8716
KAZ,Kazakhstan,2016,0.0015,-0.1421,-0.5131,-0.8322
KAZ,Kazakhstan,2017,0.0243,-0.0658,-0.4873,-0.84
KAZ,Kazakhstan,2018,-0.0524,-0.0421,-0.5035,-0.4922
KAZ,Kazakhstan,2019,-0.168,0.0688,-0.51,-0.286
KAZ,Kazakhstan,2020,-0.2576,0.1057,-0.4671,-0.3781
KAZ,Kazakhstan,2021,-0.2322,0.0297,-0.509,-0.26
KAZ,Kazakhstan,2022,-0.4684,0.1428,-0.4747,-0.1857
KAZ,Kazakhstan,2023,-0.2733,0.1468,-0.4468,-0.2666
KEN,Kenya,2015,-1.2413,-0.394,-0.5074,-1.0312
KEN,Kenya,2016,-1.3545,-0.4024,-0.4571,-0.9142
KEN,Kenya,2017,-1.1284,-0.3904,-0.4318,-0.9749
KEN,Kenya,2018,-1.1797,-0.4937,-0.4283,-0.863
KEN,Kenya,2019,-1.1058,-0.4417,-0.4648,-0.8061
KEN,Kenya,2020,-1.0072,-0.3995,-0.5791,-0.8753
KEN,Kenya,2021,-1.0324,-0.3259,-0.4214,-0.7347
KEN,Kenya,2022,-0.9473,-0.3295,-0.318,-0.7595
KEN,Kenya,2023,-0.9378,-0.3036,-0.3262,-0.7709
KGZ,Kyrgyz Republic,2015,-0.8824,-0.9788,-1.0145,-1.1795
KGZ,Kyrgyz Republic,2016,-0.652,-0.9652,-1.0451,-1.1051
KGZ,Kyrgyz Republic,2017,-0.3625,-0.7512,-0.9471,-1.0777
KGZ,Kyrgyz Republic,2018,-0.5297,-0.6463,-0.9287,-0.9611
KGZ,Kyrgyz Republic,2019,-0.2656,-0.7316,-0.9146,-0.9606
KGZ,Kyrgyz Republic,2020,-0.4558,-0.5763,-0.9622,-1.125
KGZ,Kyrgyz Republic,2021,-0.4665,-0.7764,-1.0988,-1.1505
KGZ,Kyrgyz Republic,2022,-0.4716,-0.8905,-1.1477,-1.2304
KGZ,Kyrgyz Republic,2023,-0.4812,-0.8907,-1.1741,-1.2211
KHM,Cambodia,2015,0.0633,-0.7429,-0.9969,-1.1536
KHM,Cambodia,2016,0.2062,-0.7418,-1.0816,-1.3016
KHM,Cambodia,2017,0.0935,-0.6957,-1.0742,-1.3165
KHM,Cambodia,2018,0.1109,-0.5998,-1.135,-1.3571
KHM,Cambodia,2019,-0.0755,-0.6233,-0.9549,-1.3235
KHM,Cambodia,2020,-0.2091,-0.4504,-0.9641,-1.272
KHM,Cambodia,2021,-0.1315,-0.4747,-0.9192,-1.198
KHM,Cambodia,2022,-0.098,-0.3514,-0.8659,-1.2416
KHM,Cambodia,2023,0.0445,-0.3059,-0.8191,-1.2992
KIR,Kiribati,2015,0.8215,-0.3782,-0.1538,0.2468
KIR,Kiribati,2016,0.8469,-0.3,0.3005,0.2903
KIR,Kiribati,2017,0.8554,-0.0719,0.5856,0.4142
KIR,Kiribati,2018,0.9988,-0.0643,0.5765,0.3486
KIR,Kiribati,2019,1.1214,-0.0522,0.8173,0.3684
KIR,Kiribati,2020,1.1576,0.1346,1.0114,0.4673
KIR,Kiribati,2021,1.1372,0.094,0.8862,0.2821
KIR,Kiribati,2022,1.1038,0.167,0.6259,0.2365
KIR,Kiribati,2023,1.0999,-0.0966,0.5879,0.4118
KNA,St. Kitts and Nevis,2015,0.5647,0.1832,0.4861,0.4483
KNA,St. Kitts and Nevis,2016,0.6068,0.218,0.4606,0.459
KNA,St. Kitts and Nevis,2017,0.6285,0.5105,0.496,0.4613
KNA,St. Kitts and Nevis,2018,0.6774,0.4987,0.5193,0.4115
KNA,St. Kitts and Nevis,2019,0.7009,0.49,0.4365,0.3461
KNA,St. Kitts and Nevis,2020,0.9296,0.6326,0.4824,0.3408
KNA,St. Kitts and Nevis,2021,0.9497,0.3612,0.4548,0.4063
KNA,St. Kitts and Nevis,2022,0.9381,0.3918,0.5017,0.39
KNA,St. Kitts and Nevis,2023,0.9234,0.3804,0.4795,0.4134
KOR,"Korea, Rep.",2015,0.1564,0.9776,0.9027,0.3397
KOR,"Korea, Rep.",2016,0.1536,1.0213,1.127,0.4202
KOR,"Korea, Rep.",2017,0.3818,1.0291,1.131,0.4455
KOR,"Korea, Rep.",2018,0.6381,1.1353,1.1995,0.5728
KOR,"Korea, Rep.",2019,0.5472,1.3325,1.1562,0.7049
KOR,"Korea, Rep.",2020,0.6083,1.3702,1.1474,0.6983
KOR,"Korea, Rep.",2021,0.629,1.3657,1.0955,0.7333
KOR,"Korea, Rep.",2022,0.58,1.349,1.1582,0.7484
KOR,"Korea, Rep.",2023,0.6098,1.4048,1.2485,0.8941
KWT,Kuwait,2015,-0.2195,-0.0793,-0.02,-0.2554
KWT,Kuwait,2016,-0.0565,-0.2045,0.0083,-0.2984
KWT,Kuwait,2017,-0.0512,-0.2159,0.0808,-0.3601
KWT,Kuwait,2018,0.0906,-0.1214,0.1863,-0.3166
KWT,Kuwait,2019,0.1752,-0.0174,0.1931,-0.1594
KWT,Kuwait,2020,0.2252,-0.1952,0.31,-0.0912
KWT,Kuwait,2021,0.2631,-0.0734,0.2391,-0.0562
KWT,Kuwait,2022,0.2919,0.1115,0.2786,0.1273
KWT,Kuwait,2023,0.4082,0.0075,0.3417,0.2066
LAO,Lao PDR,2015,0.5389,-0.5547,-0.8186,-0.9444
LAO,Lao PDR,2016,0.5249,-0.4323,-0.8112,-0.9869
LAO,Lao PDR,2017,0.394,-0.4168,-0.902,-0.9664
LAO,Lao PDR,2018,0.408,-0.7234,-0.8631,-0.9973
LAO,Lao PDR,2019,0.5304,-0.8167,-0.9688,-1.0769
LAO,Lao PDR,2020,0.6939,-0.7393,-0.8829,-1.0832
LAO,Lao PDR,2021,0.7125,-0.6165,-0.6639,-1.0551
LAO,Lao PDR,2022,0.7895,-0.5971,-0.8044,-0.9658
LAO,Lao PDR,2023,0.8145,-0.6433,-0.8329,-0.9738
LBN,Lebanon,2015,-1.6984,-0.4016,-0.8072,-0.9019
LBN,Lebanon,2016,-1.6157,-0.4832,-0.8108,-0.9904
LBN,Lebanon,2017,-1.6222,-0.4608,-0.8102,-1.0282
LBN,Lebanon,2018,-1.6216,-0.6738,-0.7826,-1.133
LBN,Lebanon,2019,-1.6724,-0.8091,-0.8528,-1.1691
LBN,Lebanon,2020,-1.6212,-1.2054,-0.9058,-1.1795
LBN,Lebanon,2021,-1.482,-1.3123,-1.0918,-1.2485
LBN,Lebanon,2022,-1.4226,-1.4593,-1.1031,-1.1273
LBN,Lebanon,2023,-1.519,-1.5804,-1.1651,-1.2271
LBR,Liberia,2015,-0.8178,-1.3736,-0.8768,-0.6673
LBR,Liberia,2016,-0.4418,-1.3166,-0.9671,-0.7433
LBR,Liberia,2017,-0.3197,-1.3643,-0.9693,-0.6871
LBR,Liberia,2018,-0.2041,-1.3232,-1.0016,-0.8719
LBR,Liberia,2019,-0.341,-1.395,-1.0046,-0.9177
LBR,Liberia,2020,-0.3091,-1.4591,-1.0348,-0.9043
LBR,Liberia,2021,-0.286,-1.4099,-0.9427,-0.9379
LBR,Liberia,2022,-0.2673,-1.4311,-0.9159,-0.9255
LBR,Liberia,2023,-0.1162,-1.3554,-1.0316,-0.8883
LBY,Libya,2015,-2.1897,-1.4943,-1.5225,-1.5785
LBY,Libya,2016,-2.2747,-1.7535,-1.6979,-1.5785
LBY,Libya,2017,-2.3536,-1.6055,-1.684,-1.5582
LBY,Libya,2018,-2.4351,-1.6853,-1.6911,-1.5303
LBY,Libya,2019,-2.5659,-1.7742,-1.7635,-1.5749
LBY,Libya,2020,-2.4624,-1.8594,-1.883,-1.5835
LBY,Libya,2021,-2.3085,-1.7481,-1.8037,-1.585
LBY,Libya,2022,-2.1937,-1.7558,-1.8014,-1.5263
LBY,Libya,2023,-2.168,-1.6359,-1.7698,-1.525
LCA,St. Lucia,2015,0.8377,-0.0138,0.6983,0.6184
LCA,St. Lucia,2016,0.9986,0.099,0.549,0.6411
LCA,St. Lucia,2017,0.9746,0.3849,0.5983,0.584
LCA,St. Lucia,2018,0.9935,0.3307,0.6318,0.5603
LCA,St. Lucia,2019,0.9066,0.342,0.59,0.5573
LCA,St. Lucia,2020,0.8647,0.3071,0.6609,0.5403
LCA,St. Lucia,2021,0.832,-0.1203,0.6052,0.5576
LCA,St. Lucia,2022,1.0336,-0.0973,0.6622,0.5794
LCA,St. Lucia,2023,1.018,0.0738,0.605,0.5441
LIE,Liechtenstein,2015,1.4378,1.6526,1.6463,2.0107
LIE,Liechtenstein,2016,1.4533,1.6627,1.6466,1.9833
LIE,Liechtenstein,2017,1.4591,1.718,1.6344,1.9983
LIE,Liechtenstein,2018,1.4538,1.6889,1.6347,1.9588
LIE,Liechtenstein,2019,1.5976,1.6503,1.6364,1.921
LIE,Liechtenstein,2020,1.6692,1.7616,1.7157,1.9592
LIE,Liechtenstein,2021,1.5957,1.4648,1.7043,1.6657
LIE,Liechtenstein,2022,1.6428,1.4878,1.72,1.7149
LIE,Liechtenstein,2023,1.6128,1.6278,1.7127,1.7102
LKA,Sri Lanka,2015,0.0832,-0.006,0.0324,-0.3769
LKA,Sri Lanka,2016,-0.0113,-0.0275,0.1074,-0.3362
LKA,Sri Lanka,2017,-0.0754,-0.1741,0.0275,-0.4899
LKA,Sri Lanka,2018,-0.1393,-0.2566,-0.0001,-0.3528
LKA,Sri Lanka,2019,-0.2155,-0.125,0.0399,-0.304
LKA,Sri Lanka,2020,-0.0891,-0.0791,-0.0058,-0.3303
LKA,Sri Lanka,2021,-0.3768,-0.1153,0.0169,-0.3567
LKA,Sri Lanka,2022,-0.8043,-0.392,-0.058,-0.3832
LKA,Sri Lanka,2023,-0.5085,-0.2523,-0.0907,-0.384
LSO,Lesotho,2015,-0.3187,-0.7579,-0.1942,0.0233
LSO,Lesotho,2016,-0.2449,-0.8787,-0.1863,-0.0524
LSO,Lesotho,2017,-0.1941,-0.9242,-0.3005,-0.0591
LSO,Lesotho,2018,-0.1886,-0.9226,-0.3663,-0.1371
LSO,Lesotho,2019,-0.428,-0.9025,-0.427,-0.1226
LSO,Lesotho,2020,-0.2535,-0.9786,-0.4879,-0.141
LSO,Lesotho,2021,-0.2132,-0.9472,-0.4314,-0.3453
LSO,Lesotho,2022,-0.2927,-0.888,-0.4733,-0.3686
LSO,Lesotho,2023,-0.3058,-0.9536,-0.48,-0.5095
LTU,Lithuania,2015,0.7498,1.1505,0.9782,0.5826
LTU,Lithuania,2016,0.8147,1.0329,0.9967,0.6764
LTU,Lithuania,2017,0.7656,0.9294,0.9615,0.5187
LTU,Lithuania,2018,0.7292,1.0314,0.9231,0.466
LTU,Lithuania,2019,0.7706,1.0077,0.986,0.6663
LTU,Lithuania,2020,0.9215,1.0149,0.9485,0.7786
LTU,Lithuania,2021,0.8098,1.0174,1.0746,0.8246
LTU,Lithuania,2022,0.653,0.994,1.0603,0.747
LTU,Lithuania,2023,0.7421,1.0501,1.2672,0.7815
LUX,Luxembourg,2015,1.4264,1.6927,1.8381,2.0535
LUX,Luxembourg,2016,1.4036,1.6559,1.7198,2.0499
LUX,Luxembourg,2017,1.3129,1.6454,1.6991,1.9411
LUX,Luxembourg,2018,1.3475,1.7364,1.768,2.048
LUX,Luxembourg,2019,1.3333,1.6955,1.7496,2.0725
LUX,Luxembourg,2020,1.2125,1.7924,1.7359,2.0237
LUX,Luxembourg,2021,1.1941,1.6773,1.7476,1.8409
LUX,Luxembourg,2022,1.0644,1.7722,1.7685,1.8836
LUX,Luxembourg,2023,1.054,1.9142,1.7524,1.9267
LVA,Latvia,2015,0.4363,1.0534,0.7667,0.4341
LVA,Latvia,2016,0.4672,0.9655,0.9278,0.3956
LVA,Latvia,2017,0.453,0.8656,0.9008,0.501
LVA,Latvia,2018,0.3954,1.0003,0.9232,0.2972
LVA,Latvia,2019,0.4269,1.0657,0.9791,0.4805
LVA,Latvia,2020,0.4622,0.8381,0.9221,0.6931
LVA,Latvia,2021,0.6734,0.8329,0.9495,0.7206
LVA,Latvia,2022,0.4864,0.6915,0.921,0.6938
LVA,Latvia,2023,0.5911,0.6966,1.0399,0.6981
MAC,"Macao SAR, China",2015,1.1875,1.4135,0.8912,0.5692
MAC,"Macao SAR, China",2016,1.3906,1.1407,0.8208,0.7937
MAC,"Macao SAR, China",2017,1.4071,1.3357,0.8142,0.595
MAC,"Macao SAR, China",2018,1.2298,1.158,0.9714,0.6744
MAC,"Macao SAR, China",2019,1.2154,1.1251,0.8816,0.6649
MAC,"Macao SAR, China",2020,1.1376,1.075,0.8115,0.769
MAC,"Macao SAR, China",2021,1.029,1.0839,0.7803,0.8152
MAC,"Macao SAR, China",2022,1.1227,1.1052,0.7912,0.8685
MAC,"Macao SAR, China",2023,1.0711,1.09,0.7832,0.8491
MAR,Morocco,2015,-0.3444,-0.1481,-0.1814,-0.2868
MAR,Morocco,2016,-0.3176,-0.1936,-0.2728,-0.1909
MAR,Morocco,2017,-0.3781,-0.3052,-0.2784,-0.1995
MAR,Morocco,2018,-0.3485,-0.3494,-0.2486,-0.2895
MAR,Morocco,2019,-0.3458,-0.2516,-0.2334,-0.3339
MAR,Morocco,2020,-0.3595,-0.1861,-0.187,-0.41
MAR,Morocco,2021,-0.4026,-0.1701,-0.2437,-0.419
MAR,Morocco,2022,-0.3621,-0.0819,-0.2066,-0.3875
MAR,Morocco,2023,-0.3678,-0.0359,-0.1275,-0.5363
MCO,Monaco,2015,1.3149,1.7407,1.5132,1.7316
MCO,Monaco,2016,1.3153,1.8054,1.5129,1.7401
MCO,Monaco,2017,1.6151,1.8769,1.5356,1.7623
MCO,Monaco,2018,1.5775,1.8792,1.5365,1.7806
MCO,Monaco,2019,1.5774,1.8519,1.5102,1.7802
MCO,Monaco,2020,1.1773,2.0284,1.3668,1.2655
MCO,Monaco,2021,1.1727,2.0265,1.3904,1.2797
MCO,Monaco,2022,1.187,2.047,1.4855,1.2703
MCO,Monaco,2023,1.185,2.023,1.4769,1.2514
MDA,Moldova,2015,-0.326,-0.7211,-0.3837,-0.9474
MDA,Moldova,2016,-0.3055,-0.6938,-0.5292,-0.9907
MDA,Moldova,2017,-0.315,-0.5773,-0.4518,-0.8349
MDA,Moldova,2018,-0.4022,-0.506,-0.4388,-0.758
MDA,Moldova,2019,-0.3873,-0.4414,-0.4581,-0.651
MDA,Moldova,2020,-0.3401,-0.5336,-0.515,-0.587
MDA,Moldova,2021,-0.2053,-0.4378,-0.3573,-0.4695
MDA,Moldova,2022,-0.6591,-0.3076,-0.2864,-0.3422
MDA,Moldova,2023,-0.6837,-0.165,-0.1527,-0.2803
MDG,Madagascar,2015,-0.4278,-1.3321,-0.7051,-0.8803
MDG,Madagascar,2016,-0.2942,-1.2286,-0.832,-0.935
MDG,Madagascar,2017,-0.3028,-1.1945,-0.8757,-1.0743
MDG,Madagascar,2018,-0.5788,-1.2121,-0.8364,-1.0211
MDG,Madagascar,2019,-0.314,-1.1934,-1.0135,-1.0526
MDG,Madagascar,2020,-0.5093,-1.053,-0.8796,-1.0105
MDG,Madagascar,2021,-0.5423,-1.0279,-0.8856,-0.9532
MDG,Madagascar,2022,-0.4808,-0.972,-0.95,-0.9699
MDG,Madagascar,2023,-0.6907,-1.0228,-0.9749,-1.0002
MDV,Maldives,2015,0.4114,-0.23,-0.5606,-0.4236
MDV,Maldives,2016,0.408,-0.1782,-0.3245,-0.5865
MDV,Maldives,2017,0.2245,-0.3947,-0.5733,-0.7397
MDV,Maldives,2018,0.0831,-0.4759,-0.5386,-0.8311
MDV,Maldives,2019,0.0277,-0.1758,-0.3824,-0.2239
MDV,Maldives,2020,0.363,-0.0917,-0.2394,-0.2855
MDV,Maldives,2021,0.5348,0.4385,-0.1147,-0.3148
MDV,Maldives,2022,0.645,-0.1076,0.0443,-0.3327
MDV,Maldives,2023,0.5301,-0.128,-0.0786,-0.3969
MEX,Mexico,2015,-0.8018,0.1175,-0.4548,-0.889
MEX,Mexico,2016,-0.6337,0.0276,-0.5798,-0.8507
MEX,Mexico,2017,-0.8064,-0.0653,-0.5846,-0.9524
MEX,Mexico,2018,-0.6738,-0.2929,-0.6412,-0.9492
MEX,Mexico,2019,-0.8419,-0.3067,-0.6579,-0.9174
MEX,Mexico,2020,-0.7915,-0.2703,-0.6422,-0.9216
MEX,Mexico,2021,-0.6876,-0.3435,-0.808,-1.0206
MEX,Mexico,2022,-0.6893,-0.2817,-0.8694,-1.0121
MEX,Mexico,2023,-0.6308,-0.1984,-0.8064,-1.0206
MHL,Marshall Islands,2015,1.003,-0.3196,0.0022,0.6496
MHL,Marshall Islands,2016,0.835,-0.198,0.119,0.7057
MHL,Marshall Islands,2017,1.0346,-0.1785,0.2794,0.7685
MHL,Marshall Islands,2018,0.9988,-0.1832,0.1641,0.3486
MHL,Marshall Islands,2019,1.1723,-0.1671,0.4595,0.3684
MHL,Marshall Islands,2020,0.9824,0.1137,0.5973,0.4673
MHL,Marshall Islands,2021,0.9342,0.0222,0.7725,0.4177
MHL,Marshall Islands,2022,1.0159,0.227,0.7298,0.3857
MHL,Marshall Islands,2023,1.185,0.07,0.677,0.4118
MKD,North Macedonia,2015,-0.2926,-0.0303,-0.2378,-0.266
MKD,North Macedonia,2016,-0.3553,-0.0338,-0.3444,-0.2979
MKD,North Macedonia,2017,-0.2589,-0.0177,-0.3106,-0.3286
MKD,North Macedonia,2018,-0.2119,0.0557,-0.3085,-0.3926
MKD,North Macedonia,2019,0.0081,-0.124,-0.3066,-0.4569
MKD,North Macedonia,2020,0.1121,0.0283,-0.1061,-0.4943
MKD,North Macedonia,2021,0.0625,-0.1218,-0.1005,-0.3755
MKD,North Macedonia,2022,0.1808,-0.0814,-0.0969,-0.324
MKD,North Macedonia,2023,0.1703,-0.0513,-0.168,-0.3486
MLI,Mali,2015,-1.6828,-0.9604,-0.7517,-0.7045
MLI,Mali,2016,-1.6128,-1.0276,-0.7992,-0.6777
MLI,Mali,2017,-1.9035,-0.9643,-0.793,-0.6657
MLI,Mali,2018,-2.0846,-1.0261,-0.8156,-0.7118
MLI,Mali,2019,-2.2143,-1.0992,-0.8648,-0.7045
MLI,Mali,2020,-2.1464,-1.1864,-0.9491,-0.8009
MLI,Mali,2021,-2.3329,-1.2515,-0.9193,-0.8871
MLI,Mali,2022,-2.5607,-1.149,-0.9823,-0.8441
MLI,Mali,2023,-2.7291,-1.1386,-0.9776,-0.8618
MLT,Malta,2015,1.0537,0.8189,1.1068,0.8642
MLT,Malta,2016,1.0665,0.9209,0.9689,0.6837
MLT,Malta,2017,1.2383,0.9687,1.113,0.7037
MLT,Malta,2018,1.2716,0.9309,1.02,0.5471
MLT,Malta,2019,1.0136,0.8242,0.9216,0.21
MLT,Malta,2020,0.9985,0.9941,0.8837,0.3425
MLT,Malta,2021,0.8875,0.8531,0.8354,0.2929
MLT,Malta,2022,0.911,0.8041,0.7857,0.2388
MLT,Malta,2023,0.8581,0.3973,0.7023,0.1097
MMR,Myanmar,2015,-1.1667,-1.2901,-1.259,-0.8539
MMR,Myanmar,2016,-0.8081,-1.0119,-0.9024,-0.6418
MMR,Myanmar,2017,-1.0841,-1.0861,-0.9593,-0.5905
MMR,Myanmar,2018,-1.267,-1.0914,-1.0437,-0.6127
MMR,Myanmar,2019,-1.3305,-1.1858,-1.0793,-0.6449
MMR,Myanmar,2020,-1.5117,-1.0161,-1.1957,-0.6797
MMR,Myanmar,2021,-2.0841,-1.4151,-1.4678,-1.0482
MMR,Myanmar,2022,-2.1957,-1.685,-1.5281,-1.1515
MMR,Myanmar,2023,-2.1253,-1.7528,-1.6169,-1.2165
MNE,Montenegro,2015,0.1366,0.1665,-0.0457,-0.1235
MNE,Montenegro,2016,0.2687,0.1351,-0.1351,-0.0821
MNE,Montenegro,2017,-0.0626,0.1713,-0.1116,-0.085
MNE,Montenegro,2018,0.0377,0.0904,0.0028,-0.0148
MNE,Montenegro,2019,0.0581,0.1064,-0.0074,-0.0302
MNE,Montenegro,2020,-0.0612,-0.1067,-0.0406,-0.0437
MNE,Montenegro,2021,-0.0524,-0.0305,-0.0841,-0.0441
MNE,Montenegro,2022,-0.1409,-0.0275,-0.1261,-0.1187
MNE,Montenegro,2023,0.0693,0.2471,-0.0422,-0.0793
MNG,Mongolia,2015,0.7118,-0.4482,-0.3899,-0.5178
MNG,Mongolia,2016,0.7876,-0.096,-0.2263,-0.51
MNG,Mongolia,2017,0.7834,-0.2784,-0.3166,-0.4759
MNG,Mongolia,2018,0.8313,-0.2464,-0.2786,-0.4491
MNG,Mongolia,2019,0.6368,-0.2344,-0.2583,-0.4558
MNG,Mongolia,2020,0.7178,-0.4197,-0.2694,-0.4949
MNG,Mongolia,2021,0.7059,-0.5155,-0.2502,-0.5537
MNG,Mongolia,2022,0.53,-0.4249,-0.1878,-0.5612
MNG,Mongolia,2023,0.5927,-0.4715,-0.1845,-0.4926
MOZ,Mozambique,2015,-0.5164,-0.8287,-0.8694,-0.7795
MOZ,Mozambique,2016,-1.0968,-0.9462,-1.0752,-0.9027
MOZ,Mozambique,2017,-0.9181,-0.957,-1.0071,-0.8574
MOZ,Mozambique,2018,-0.8332,-0.9609,-1.0676,-0.809
MOZ,Mozambique,2019,-0.7657,-0.9092,-1.073,-0.8721
MOZ,Mozambique,2020,-1.2831,-0.8102,-1.0767,-0.7875
MOZ,Mozambique,2021,-1.257,-0.8028,-1.0552,-0.8323
MOZ,Mozambique,2022,-1.2656,-0.737,-1.0247,-0.8358
MOZ,Mozambique,2023,-1.2687,-0.7166,-1.0263,-0.8284
MRT,Mauritania,2015,-0.6357,-1.0679,-0.8916,-0.9396
MRT,Mauritania,2016,-0.7487,-0.8543,-0.7462,-0.7623
MRT,Mauritania,2017,-0.6295,-0.8032,-0.6181,-0.7732
MRT,Mauritania,2018,-0.6324,-0.8255,-0.7074,-0.8124
MRT,Mauritania,2019,-0.5629,-0.6095,-0.6085,-0.8662
MRT,Mauritania,2020,-0.7009,-0.8392,-0.6039,-0.8154
MRT,Mauritania,2021,-0.5555,-0.7761,-0.6871,-0.8425
MRT,Mauritania,2022,-0.5169,-0.7251,-0.6464,-0.7907
MRT,Mauritania,2023,-0.5034,-0.7636,-0.6391,-0.8227
MUS,Mauritius,2015,0.9886,1.1266,0.8436,0.2236
MUS,Mauritius,2016,0.9992,1.019,0.6881,0.1067
MUS,Mauritius,2017,0.9624,0.9596,0.6701,0.1563
MUS,Mauritius,2018,0.8596,0.8949,0.7103,0.1863
MUS,Mauritius,2019,0.802,0.8624,0.693,0.2104
MUS,Mauritius,2020,0.873,0.8532,0.8869,0.441
MUS,Mauritius,2021,0.8326,0.8139,0.8427,0.4424
MUS,Mauritius,2022,0.83,0.7662,0.7963,0.4204
MUS,Mauritius,2023,0.7754,0.7101,0.8053,0.4532
MWI,Malawi,2015,0.0343,-0.7386,-0.3293,-0.7942
MWI,Malawi,2016,-0.1161,-0.7957,-0.3951,-0.7849
MWI,Malawi,2017,-0.2498,-0.7253,-0.3941,-0.6876
MWI,Malawi,2018,-0.4312,-0.8014,-0.4054,-0.7659
MWI,Malawi,2019,-0.2868,-0.7986,-0.342,-0.7836
MWI,Malawi,2020,-0.1189,-0.8183,-0.2775,-0.3922
MWI,Malawi,2021,-0.1093,-0.7925,-0.2486,-0.3225
MWI,Malawi,2022,-0.158,-0.8532,-0.222,-0.6089
MWI,Malawi,2023,-0.2356,-0.8595,-0.1555,-0.6028
MYS,Malaysia,2015,0.2539,0.9171,0.4025,0.1816
MYS,Malaysia,2016,0.1295,0.8177,0.3879,0.0274
MYS,Malaysia,2017,0.1112,0.7777,0.3882,-0.0061
MYS,Malaysia,2018,0.2481,1.0539,0.5292,0.2999
MYS,Malaysia,2019,0.1465,0.9678,0.4916,0.233
MYS,Malaysia,2020,0.1259,1.0223,0.5731,0.2286
MYS,Malaysia,2021,0.0596,0.9524,0.5321,0.1462
MYS,Malaysia,2022,0.1631,0.9927,0.5614,0.2489
MYS,Malaysia,2023,0.1685,0.8754,0.5719,0.2956
NAM,Namibia,2015,0.7253,0.2955,0.2376,0.27
NAM,Namibia,2016,0.6995,0.1937,0.4568,0.2806
NAM,Namibia,2017,0.6219,0.2241,0.2766,0.2615
NAM,Namibia,2018,0.6851,0.1138,0.3293,0.3069
NAM,Namibia,2019,0.5289,0.1002,0.3617,0.3123
NAM,Namibia,2020,0.5124,0.0524,0.3315,0.2687
NAM,Namibia,2021,0.5188,0.0391,0.335,0.2202
NAM,Namibia,2022,0.5599,0.0693,0.4149,0.2151
NAM,Namibia,2023,0.5448,0.0309,0.4455,0.1101
NER,Niger,2015,-1.0597,-0.7226,-0.5931,-0.6745
NER,Niger,2016,-1.1008,-0.6941,-0.6851,-0.666
NER,Niger,2017,-1.2595,-0.7547,-0.7046,-0.6877
NER,Niger,2018,-1.3583,-0.8277,-0.6052,-0.593
NER,Niger,2019,-1.405,-0.8403,-0.5525,-0.5679
NER,Niger,2020,-1.6672,-0.6609,-0.5736,-0.6627
NER,Niger,2021,-1.5385,-0.644,-0.4256,-0.5807
NER,Niger,2022,-1.4644,-0.6276,-0.4981,-0.5848
NER,Niger,2023,-1.6689,-0.6409,-0.7081,-0.5638
NGA,Nigeria,2015,-1.9217,-0.9966,-0.9833,-1.0961
NGA,Nigeria,2016,-1.8739,-1.1204,-1.0387,-1.0453
NGA,Nigeria,2017,-1.9967,-1.0412,-0.8873,-1.0992
NGA,Nigeria,2018,-2.0975,-1.1182,-0.9176,-1.0839
NGA,Nigeria,2019,-1.9332,-1.2132,-0.9384,-1.1132
NGA,Nigeria,2020,-1.892,-1.1438,-0.842,-1.1186
NGA,Nigeria,2021,-1.7874,-1.027,-0.8708,-1.1012
NGA,Nigeria,2022,-1.7789,-1.0415,-0.914,-1.1297
NGA,Nigeria,2023,-1.7684,-0.8479,-0.8877,-1.041
NIC,Nicaragua,2015,-0.0922,-0.8623,-0.7547,-0.9074
NIC,Nicaragua,2016,-0.0955,-0.7376,-0.6569,-0.897
NIC,Nicaragua,2017,-0.0538,-0.6681,-0.6607,-0.8956
NIC,Nicaragua,2018,-0.9509,-0.8123,-1.0785,-1.024
NIC,Nicaragua,2019,-0.9925,-0.7773,-1.2016,-1.0322
NIC,Nicaragua,2020,-0.5857,-0.6797,-1.1987,-1.1804
NIC,Nicaragua,2021,-0.472,-0.8848,-1.3663,-1.2552
NIC,Nicaragua,2022,-0.3585,-1.0369,-1.3109,-1.2876
NIC,Nicaragua,2023,-0.1256,-1.0849,-1.2782,-1.3884
NLD,Netherlands,2015,0.9125,1.8286,1.9069,1.8334
NLD,Netherlands,2016,0.8969,1.8203,1.8456,1.8584
NLD,Netherlands,2017,0.9071,1.814,1.7583,1.7456
NLD,Netherlands,2018,0.8383,1.8097,1.7445,1.8891
NLD,Netherlands,2019,0.8213,1.7672,1.7347,1.8676
NLD,Netherlands,2020,0.8309,1.8052,1.7063,2.0
NLD,Netherlands,2021,0.8931,1.7251,1.6986,2.0042
NLD,Netherlands,2022,0.7268,1.5789,1.6568,1.9172
NLD,Netherlands,2023,0.6583,1.6255,1.6425,1.8671
NOR,Norway,2015,1.1456,1.8331,1.9753,2.2003
NOR,Norway,2016,1.1816,1.8324,1.9945,2.1495
NOR,Norway,2017,1.1507,1.9444,1.9807,2.1912
NOR,Norway,2018,1.1208,1.8451,1.9221,2.0503
NOR,Norway,2019,1.1421,1.8277,1.9408,2.0338
NOR,Norway,2020,1.2216,1.8878,1.9299,2.0658
NOR,Norway,2021,1.0886,1.7954,1.9079,2.1083
NOR,Norway,2022,0.8612,1.9417,1.7609,2.0676
NOR,Norway,2023,0.8929,1.7999,1.834,2.1135
NPL,Nepal,2015,-0.9974,-1.1361,-0.6938,-0.6035
NPL,Nepal,2016,-0.847,-0.8936,-0.8123,-0.8268
NPL,Nepal,2017,-0.5838,-0.9413,-0.6945,-0.7755
NPL,Nepal,2018,-0.543,-0.9547,-0.4915,-0.689
NPL,Nepal,2019,-0.4537,-1.0923,-0.5539,-0.6914
NPL,Nepal,2020,-0.1782,-0.9851,-0.5135,-0.5985
NPL,Nepal,2021,-0.1877,-0.9297,-0.4888,-0.5567
NPL,Nepal,2022,-0.2392,-0.9181,-0.4482,-0.5328
NPL,Nepal,2023,-0.2262,-0.8078,-0.4627,-0.5079
NRU,Nauru,2015,1.088,-0.1216,-0.6028,0.5157
NRU,Nauru,2016,1.1089,-0.0839,-0.5509,0.5821
NRU,Nauru,2017,0.9319,-0.0476,-0.0667,0.5617
NRU,Nauru,2018,0.9458,0.2726,-0.063,0.511
NRU,Nauru,2019,0.7951,-0.0048,-0.1364,0.5305
NRU,Nauru,2020,0.778,0.1425,-0.1037,0.5992
NRU,Nauru,2021,0.7894,0.0907,-0.0741,0.605
NRU,Nauru,2022,0.8779,0.1985,-0.0234,0.6018
NRU,Nauru,2023,0.9766,-0.0678,-0.0184,0.5886
NZL,New Zealand,2015,1.5111,1.8528,1.9653,2.2332
NZL,New Zealand,2016,1.5011,1.8059,1.9136,2.2367
NZL,New Zealand,2017,1.5619,1.728,1.8845,2.1959
NZL,New Zealand,2018,1.5122,1.6287,1.8338,2.1354
NZL,New Zealand,2019,1.417,1.6324,1.8438,2.1309
NZL,New Zealand,2020,1.4684,1.5387,1.8384,2.1169
NZL,New Zealand,2021,1.3945,1.3057,1.7812,2.1698
NZL,New Zealand,2022,1.3212,1.3403,1.7304,2.1632
NZL,New Zealand,2023,1.3586,1.53,1.7057,2.0841
OMN,Oman,2015,0.7781,0.0352,0.3526,0.2361
OMN,Oman,2016,0.7498,0.1385,0.3834,0.3053
OMN,Oman,2017,0.7493,0.1343,0.4077,0.2146
OMN,Oman,2018,0.6422,0.1268,0.4368,0.2152
OMN,Oman,2019,0.5893,0.2064,0.5277,0.4213
OMN,Oman,2020,0.4198,0.1045,0.5934,0.2033
OMN,Oman,2021,0.432,-0.1552,0.3829,0.0622
OMN,Oman,2022,0.5322,0.0215,0.4989,0.0526
OMN,Oman,2023,0.5866,0.2746,0.6128,0.2152
PAK,Pakistan,2015,-2.4719,-0.7096,-0.777,-0.8345
PAK,Pakistan,2016,-2.4739,-0.7001,-0.8155,-0.9009
PAK,Pakistan,2017,-2.3969,-0.6347,-0.7317,-0.8026
PAK,Pakistan,2018,-2.254,-0.6666,-0.6836,-0.8019
PAK,Pakistan,2019,-2.2517,-0.7182,-0.6884,-0.88
PAK,Pakistan,2020,-1.7927,-0.5711,-0.7129,-0.8574
PAK,Pakistan,2021,-1.7137,-0.4388,-0.6586,-0.8105
PAK,Pakistan,2022,-1.8398,-0.6247,-0.6721,-0.8044
PAK,Pakistan,2023,-1.9327,-0.5778,-0.8599,-0.9994
PAN,Panama,2015,0.3774,0.2778,-0.141,-0.435
PAN,Panama,2016,0.4007,0.1536,0.0337,-0.574
PAN,Panama,2017,0.3803,0.0281,0.0076,-0.6137
PAN,Panama,2018,0.2522,0.0127,-0.1591,-0.6103
PAN,Panama,2019,0.2909,0.0999,-0.1919,-0.6438
PAN,Panama,2020,0.2355,0.1646,-0.285,-0.5842
PAN,Panama,2021,0.3072,0.1236,-0.2694,-0.5916
PAN,Panama,2022,0.2892,-0.1281,-0.3599,-0.6349
PAN,Panama,2023,0.2131,-0.2097,-0.346,-0.6281
PER,Peru,2015,-0.3989,-0.3675,-0.4996,-0.6039
PER,Peru,2016,-0.2079,-0.2563,-0.496,-0.4303
PER,Peru,2017,-0.2635,-0.2048,-0.5233,-0.5624
PER,Peru,2018,-0.2769,-0.3238,-0.5667,-0.598
PER,Peru,2019,-0.1636,-0.1259,-0.5201,-0.5095
PER,Peru,2020,-0.3577,-0.2943,-0.3828,-0.5246
PER,Peru,2021,-0.3553,-0.2953,-0.5325,-0.6538
PER,Peru,2022,-0.4871,-0.3984,-0.5528,-0.808
PER,Peru,2023,-0.5218,-0.4919,-0.5381,-0.721
PHL,Philippines,2015,-0.8547,0.1602,-0.4174,-0.4811
PHL,Philippines,2016,-1.3787,0.0185,-0.4315,-0.5192
PHL,Philippines,2017,-1.1893,-0.0349,-0.5013,-0.5075
PHL,Philippines,2018,-1.0962,0.0623,-0.5651,-0.5763
PHL,Philippines,2019,-0.9281,0.06,-0.5744,-0.6062
PHL,Philippines,2020,-0.7787,0.0678,-0.6521,-0.5107
PHL,Philippines,2021,-0.984,0.0348,-0.6668,-0.5301
PHL,Philippines,2022,-0.6553,0.0639,-0.5183,-0.5412
PHL,Philippines,2023,-0.5661,0.1541,-0.4181,-0.5376
PLW,Palau,2015,0.8215,0.1333,0.9176,0.5157
PLW,Palau,2016,0.8469,0.1981,0.9326,0.5821
PLW,Palau,2017,1.2137,0.2316,0.9557,0.5617
PLW,Palau,2018,1.195,0.233,1.0016,0.511
PLW,Palau,2019,1.1718,0.2279,0.7827,0.5305
PLW,Palau,2020,1.1661,0.3858,0.685,0.5992
PLW,Palau,2021,1.1724,0.3659,0.7149,0.605
PLW,Palau,2022,1.084,0.4497,0.9529,0.6018
PLW,Palau,2023,1.0808,0.4423,0.9355,0.5886
PNG,Papua New Guinea,2015,-0.4163,-0.6023,-0.869,-0.9533
PNG,Papua New Guinea,2016,-0.5043,-0.7351,-0.7801,-0.9423
PNG,Papua New Guinea,2017,-0.6912,-0.6641,-0.8174,-0.912
PNG,Papua New Guinea,2018,-0.6565,-0.6561,-0.7648,-0.868
PNG,Papua New Guinea,2019,-0.7069,-0.7931,-0.8,-1.0022
PNG,Papua New Guinea,2020,-0.6534,-0.8302,-0.7099,-0.5968
PNG,Papua New Guinea,2021,-0.5785,-0.8898,-0.7517,-0.7705
PNG,Papua New Guinea,2022,-0.6594,-0.8105,-0.616,-0.6963
PNG,Papua New Guinea,2023,-0.4788,-0.8024,-0.5398,-0.6572
POL,Poland,2015,0.8623,0.7411,0.8036,0.6945
POL,Poland,2016,0.4962,0.6515,0.5938,0.7596
POL,Poland,2017,0.5098,0.5508,0.4009,0.6988
POL,Poland,2018,0.4805,0.5469,0.3769,0.6228
POL,Poland,2019,0.5507,0.5128,0.3912,0.611
POL,Poland,2020,0.4916,0.3242,0.5247,0.6187
POL,Poland,2021,0.4919,0.2543,0.4256,0.5461
POL,Poland,2022,0.5051,0.2589,0.4281,0.5066
POL,Poland,2023,0.5596,0.4214,0.4587,0.5654
PRI,Puerto Rico (US),2015,0.8471,0.3238,0.7168,0.0472
PRI,Puerto Rico (US),2016,0.6778,0.3553,0.6293,-0.0095
PRI,Puerto Rico (US),2017,0.482,-0.1338,0.5942,0.0972
PRI,Puerto Rico (US),2018,0.2738,-0.1931,0.5566,0.0013
PRI,Puerto Rico (US),2019,0.1427,-0.2001,0.5588,-0.0236
PRI,Puerto Rico (US),2020,0.4354,-0.2983,0.6052,-0.0183
PRI,Puerto Rico (US),2021,0.4881,-0.3018,0.5745,0.3685
PRI,Puerto Rico (US),2022,0.5426,-0.4824,0.531,0.1136
PRI,Puerto Rico (US),2023,0.5102,-0.3891,0.4935,0.0196
PRK,"Korea, Dem. People's Rep.",2015,-1.1517,-1.6707,-1.6564,-1.2731
PRK,"Korea, Dem. People's Rep.",2016,-0.684,-1.6631,-1.6746,-1.4621
PRK,"Korea, Dem. People's Rep.",2017,-0.5,-1.7036,-1.7233,-1.502
PRK,"Korea, Dem. People's Rep.",2018,-0.3407,-1.6062,-1.6429,-1.588
PRK,"Korea, Dem. People's Rep.",2019,-0.2869,-1.4345,-1.6609,-1.6091
PRK,"Korea, Dem. People's Rep.",2020,-0.3787,-1.4903,-1.6078,-1.7029
PRK,"Korea, Dem. People's Rep.",2021,-0.4773,-1.585,-1.6356,-1.6222
PRK,"Korea, Dem. People's Rep.",2022,-0.4308,-1.4638,-1.6624,-1.606
PRK,"Korea, Dem. People's Rep.",2023,-0.3662,-1.4841,-1.6429,-1.5845
PRT,Portugal,2015,0.9042,1.1579,1.1019,0.8921
PRT,Portugal,2016,0.9586,1.1483,1.0433,0.8589
PRT,Portugal,2017,1.1062,1.294,1.104,0.8214
PRT,Portugal,2018,1.1153,1.1812,1.108,0.8063
PRT,Portugal,2019,1.0518,1.1342,1.1064,0.7455
PRT,Portugal,2020,1.0087,0.9796,1.1567,0.7211
PRT,Portugal,2021,0.9374,0.9524,1.105,0.742
PRT,Portugal,2022,0.7958,1.0011,1.1122,0.7289
PRT,Portugal,2023,0.7126,0.9876,1.0677,0.6963
PRY,Paraguay,2015,0.0352,-0.9988,-0.6444,-1.0189
PRY,Paraguay,2016,0.1345,-0.8218,-0.6897,-0.7631
PRY,Paraguay,2017,-0.0029,-0.8418,-0.668,-0.7507
PRY,Paraguay,2018,-0.0867,-0.6049,-0.6023,-0.8708
PRY,Paraguay,2019,-0.018,-0.5768,-0.5675,-0.8936
PRY,Paraguay,2020,0.0167,-0.5652,-0.4278,-0.8579
PRY,Paraguay,2021,-0.0009,-0.6559,-0.5759,-1.0265
PRY,Paraguay,2022,0.0355,-0.614,-0.5915,-1.0906
PRY,Paraguay,2023,0.082,-0.4621,-0.5822,-1.0577
PSE,West Bank and Gaza,2015,-2.1541,-0.5072,-0.5263,-0.4859
PSE,West Bank and Gaza,2016,-1.9709,-0.6688,-0.3614,-0.1828
PSE,West Bank and Gaza,2017,-1.6506,-0.4351,-0.434,-0.0606
PSE,West Bank and Gaza,2018,-1.8049,-0.7916,-0.5032,-0.2258
PSE,West Bank and Gaza,2019,-1.8894,-0.7751,-0.5043,-0.3538
PSE,West Bank and Gaza,2020,-2.0182,-0.6771,-0.4732,-0.5763
PSE,West Bank and Gaza,2021,-1.8369,-0.797,-0.5127,-0.7615
PSE,West Bank and Gaza,2022,-1.702,-0.902,-0.5552,-0.7027
PSE,West Bank and Gaza,2023,-1.8652,-1.2096,-0.6828,-0.6761
QAT,Qatar,2015,0.9836,0.9416,0.7444,0.8561
QAT,Qatar,2016,0.8841,0.7237,0.7667,0.8634
QAT,Qatar,2017,0.648,0.7285,0.6973,0.6988
QAT,Qatar,2018,0.6494,0.6304,0.7053,0.6931
QAT,Qatar,2019,0.6844,0.7074,0.7077,0.8173
QAT,Qatar,2020,0.6696,0.8671,0.9807,0.7549
QAT,Qatar,2021,0.8334,1.0761,0.9038,0.7801
QAT,Qatar,2022,0.9602,1.1366,0.9171,0.804
QAT,Qatar,2023,0.9934,1.1974,0.9329,0.7022
ROU,Romania,2015,0.1818,0.0988,0.2049,-0.1709
ROU,Romania,2016,0.2668,-0.0683,0.4525,-0.1787
ROU,Romania,2017,0.0485,-0.0848,0.4366,-0.1415
ROU,Romania,2018,0.0363,-0.1771,0.3675,-0.2269
ROU,Romania,2019,0.5423,-0.2151,0.4153,-0.2369
ROU,Romania,2020,0.509,-0.2869,0.3687,-0.0986
ROU,Romania,2021,0.5818,-0.1634,0.3805,-0.0614
ROU,Romania,2022,0.4311,-0.0005,0.4034,0.0165
ROU,Romania,2023,0.3736,-0.0927,0.4374,0.0405
RUS,Russian Federation,2015,-1.0322,-0.3321,-0.8151,-0.9741
RUS,Russian Federation,2016,-0.9477,-0.3241,-0.8451,-0.8387
RUS,Russian Federation,2017,-0.6428,-0.191,-0.8459,-0.9147
RUS,Russian Federation,2018,-0.5383,-0.1038,-0.8327,-0.8693
RUS,Russian Federation,2019,-0.5511,0.0242,-0.7712,-0.8223
RUS,Russian Federation,2020,-0.6674,-0.1111,-0.8052,-0.9306
RUS,Russian Federation,2021,-0.7079,-0.2104,-0.8862,-0.921
RUS,Russian Federation,2022,-1.006,-0.6963,-1.1966,-0.9798
RUS,Russian Federation,2023,-1.1343,-0.7125,-1.1876,-1.1047
RWA,Rwanda,2015,0.0025,-0.1467,0.0389,0.5984
RWA,Rwanda,2016,-0.0665,0.0133,0.0965,0.6186
RWA,Rwanda,2017,0.0783,0.1785,0.1141,0.6059
RWA,Rwanda,2018,0.1018,0.0796,0.1092,0.5357
RWA,Rwanda,2019,0.057,0.0929,0.0628,0.5214
RWA,Rwanda,2020,0.0695,0.2738,0.0758,0.5278
RWA,Rwanda,2021,0.072,0.2273,0.1721,0.573
RWA,Rwanda,2022,0.0828,0.2321,0.1477,0.5614
RWA,Rwanda,2023,0.1081,0.3884,0.2052,0.6717
SAU,Saudi Arabia,2015,-0.6344,0.155,0.0976,0.0214
SAU,Saudi Arabia,2016,-0.4728,0.2141,0.3158,0.1989
SAU,Saudi Arabia,2017,-0.6496,0.2107,0.0773,0.3323
SAU,Saudi Arabia,2018,-0.661,0.2738,0.1178,0.3307
SAU,Saudi Arabia,2019,-0.624,0.2613,0.1453,0.2469
SAU,Saudi Arabia,2020,-0.6506,0.1136,0.2155,0.2417
SAU,Saudi Arabia,2021,-0.5924,0.4647,0.2056,0.2829
SAU,Saudi Arabia,2022,-0.3558,0.5823,0.2899,0.3573
SAU,Saudi Arabia,2023,-0.2132,0.7964,0.4146,0.536
SDN,Sudan,2015,-2.1552,-1.5112,-1.2329,-1.5002
SDN,Sudan,2016,-2.3311,-1.5597,-1.2816,-1.5612
SDN,Sudan,2017,-1.9715,-1.4758,-1.1219,-1.5597
SDN,Sudan,2018,-1.8219,-1.629,-1.1385,-1.4574
SDN,Sudan,2019,-1.6963,-1.6585,-1.1725,-1.4042
SDN,Sudan,2020,-1.6571,-1.5389,-1.0852,-1.419
SDN,Sudan,2021,-1.9877,-1.6622,-1.2185,-1.2759
SDN,Sudan,2022,-2.0769,-1.6864,-1.2601,-1.4137
SDN,Sudan,2023,-2.4669,-1.9771,-1.6742,-1.5021
SEN,Senegal,2015,-0.1202,-0.4834,-0.1594,0.0313
SEN,Senegal,2016,-0.226,-0.5027,-0.1238,-0.0243
SEN,Senegal,2017,-0.0557,-0.3653,-0.1716,-0.1143
SEN,Senegal,2018,-0.1074,-0.3295,-0.2246,-0.0474
SEN,Senegal,2019,0.0376,-0.1343,-0.2152,-0.0036
SEN,Senegal,2020,-0.1431,-0.0598,-0.3208,-0.0073
SEN,Senegal,2021,-0.1798,0.0246,-0.3986,0.0423
SEN,Senegal,2022,-0.1576,0.0398,-0.2688,-0.0132
SEN,Senegal,2023,-0.1386,0.0697,-0.2736,0.0578
SGP,Singapore,2015,1.2989,2.2487,1.7791,2.0511
SGP,Singapore,2016,1.4775,2.2146,1.7862,2.0422
SGP,Singapore,2017,1.5991,2.226,1.7858,2.0888
SGP,Singapore,2018,1.4683,2.2318,1.8029,2.1347
SGP,Singapore,2019,1.4805,2.2317,1.8381,2.12
SGP,Singapore,2020,1.4385,2.2842,1.8354,2.1182
SGP,Singapore,2021,1.4425,2.248,1.8195,2.1395
SGP,Singapore,2022,1.4404,2.1442,1.7782,2.0947
SGP,Singapore,2023,1.4242,2.3175,1.7532,2.0402
SLB,Solomon Islands,2015,0.64,-0.994,-0.4896,-0.3452
SLB,Solomon Islands,2016,0.4918,-0.9272,-0.3,-0.3561
SLB,Solomon Islands,2017,0.1881,-0.933,-0.1918,0.0926
SLB,Solomon Islands,2018,0.3552,-0.9015,-0.202,-0.0349
SLB,Solomon Islands,2019,0.4972,-0.8823,-0.109,-0.0506
SLB,Solomon Islands,2020,0.5604,-0.697,-0.0365,0.0683
SLB,Solomon Islands,2021,0.5419,-0.8381,-0.3635,-0.1642
SLB,Solomon Islands,2022,0.4139,-0.6795,-0.2408,-0.1846
SLB,Solomon Islands,2023,0.4459,-0.7336,-0.2629,-0.1347
SLE,Sierra Leone,2015,-0.1063,-1.284,-0.8805,-0.8205
SLE,Sierra Leone,2016,-0.1671,-1.2255,-0.8032,-0.8415
SLE,Sierra Leone,2017,-0.0394,-1.2201,-0.8065,-0.5903
SLE,Sierra Leone,2018,-0.0888,-1.1912,-0.7972,-0.5117
SLE,Sierra Leone,2019,-0.0569,-1.1744,-0.8041,-0.4708
SLE,Sierra Leone,2020,-0.3024,-1.0633,-0.7945,-0.3961
SLE,Sierra Leone,2021,-0.097,-1.1525,-0.8398,-0.4556
SLE,Sierra Leone,2022,-0.0945,-1.1701,-0.831,-0.5599
SLE,Sierra Leone,2023,-0.2387,-1.1556,-0.833,-0.5746
SLV,El Salvador,2015,-0.0205,-0.2859,-0.6168,-0.4478
SLV,El Salvador,2016,-0.1046,-0.3439,-0.758,-0.5562
SLV,El Salvador,2017,-0.2638,-0.3873,-0.8733,-0.5343
SLV,El Salvador,2018,-0.3892,-0.49,-0.9303,-0.5864
SLV,El Salvador,2019,-0.1202,-0.5311,-0.866,-0.5379
SLV,El Salvador,2020,-0.115,-0.2613,-0.7771,-0.5776
SLV,El Salvador,2021,-0.0915,-0.3418,-0.8664,-0.5537
SLV,El Salvador,2022,-0.3525,-0.3213,-0.7422,-0.6425
SLV,El Salvador,2023,0.0023,0.0504,-0.3694,-0.5613
SMR,San Marino,2015,1.366,1.4812,1.5132,1.1517
SMR,San Marino,2016,1.3828,1.5408,1.5129,1.1594
SMR,San Marino,2017,1.3929,1.6037,1.5356,1.1718
SMR,San Marino,2018,1.3912,1.6031,1.5365,1.1789
SMR,San Marino,2019,1.226,1.5795,1.5102,1.1762
SMR,San Marino,2020,1.1773,1.7492,1.6152,1.2655
SMR,San Marino,2021,1.1727,1.7489,1.6421,1.2797
SMR,San Marino,2022,1.187,1.7711,1.7499,1.2703
SMR,San Marino,2023,1.185,1.2017,1.4769,1.2514
SOM,"Somalia, Fed. Rep.",2015,-2.3701,-2.2174,-2.3154,-1.6417
SOM,"Somalia, Fed. Rep.",2016,-2.3472,-2.2063,-2.3162,-1.6908
SOM,"Somalia, Fed. Rep.",2017,-2.2499,-2.2842,-2.3317,-1.7422
SOM,"Somalia, Fed. Rep.",2018,-2.2491,-2.2118,-2.2987,-1.7858
SOM,"Somalia, Fed. Rep.",2019,-2.3864,-2.281,-2.3806,-1.7244
SOM,"Somalia, Fed. Rep.",2020,-2.5815,-2.1316,-2.3125,-1.6891
SOM,"Somalia, Fed. Rep.",2021,-2.7273,-2.0855,-2.2824,-1.7955
SOM,"Somalia, Fed. Rep.",2022,-2.4297,-2.0274,-2.2873,-1.7926
SOM,"Somalia, Fed. Rep.",2023,-2.3776,-1.9802,-2.212,-1.7328
SRB,Serbia,2015,0.2348,-0.0026,-0.0758,-0.3186
SRB,Serbia,2016,0.1333,-0.0386,-0.127,-0.3833
SRB,Serbia,2017,0.0834,0.0733,-0.1797,-0.4359
SRB,Serbia,2018,0.0053,0.0744,-0.1703,-0.3966
SRB,Serbia,2019,-0.0781,-0.0168,-0.1439,-0.4502
SRB,Serbia,2020,-0.1708,-0.0429,-0.123,-0.4515
SRB,Serbia,2021,-0.0852,0.0124,-0.1155,-0.4591
SRB,Serbia,2022,-0.1741,0.0652,-0.114,-0.4565
SRB,Serbia,2023,-0.0391,0.0076,-0.0745,-0.4472
SSD,South Sudan,2015,-2.372,-2.1496,-1.8954,-1.7243
SSD,South Sudan,2016,-2.4125,-2.3369,-1.9775,-1.7591
SSD,South Sudan,2017,-2.4462,-2.4402,-1.963,-1.7483
SSD,South Sudan,2018,-2.4347,-2.3206,-1.9864,-1.7428
SSD,South Sudan,2019,-2.5185,-2.3837,-2.009,-1.7998
SSD,South Sudan,2020,-2.1917,-2.3163,-1.9719,-1.9369
SSD,South Sudan,2021,-2.2873,-2.3967,-2.0709,-1.837
SSD,South Sudan,2022,-2.2131,-2.3908,-2.0552,-1.8558
SSD,South Sudan,2023,-2.1861,-2.3279,-2.1382,-1.9696
STP,Sao Tome and Principe,2015,0.1363,-0.8504,-0.775,-0.0676
STP,Sao Tome and Principe,2016,0.216,-0.7775,-0.688,-0.0835
STP,Sao Tome and Principe,2017,0.1835,-0.8461,-0.7263,0.152
STP,Sao Tome and Principe,2018,0.5159,-0.7841,-0.714,0.1529
STP,Sao Tome and Principe,2019,0.5007,-0.7544,-0.6931,0.1334
STP,Sao Tome and Principe,2020,0.4896,-0.714,-0.7074,0.1198
STP,Sao Tome and Principe,2021,0.5852,-0.7612,-0.7278,0.2323
STP,Sao Tome and Principe,2022,0.4604,-0.8351,-0.6344,0.3051
STP,Sao Tome and Principe,2023,0.4407,-0.9024,-0.6948,0.3602
SUR,Suriname,2015,0.2495,-0.3791,-0.2158,-0.2712
SUR,Suriname,2016,0.1528,-0.3721,-0.1746,-0.3354
SUR,Suriname,2017,0.1198,-0.6487,-0.1718,-0.2052
SUR,Suriname,2018,0.0583,-0.6865,-0.0878,-0.2403
SUR,Suriname,2019,0.0877,-0.627,-0.0835,-0.4199
SUR,Suriname,2020,0.4188,-0.5788,-0.1321,-0.4607
SUR,Suriname,2021,0.3484,-0.6807,-0.1262,-0.4186
SUR,Suriname,2022,0.3997,-0.9447,-0.1283,-0.405
SUR,Suriname,2023,0.4127,-0.9672,-0.0623,-0.4044
SVK,Slovak Republic,2015,0.8658,0.737,0.4665,0.1099
SVK,Slovak Republic,2016,0.7082,0.7935,0.597,0.1521
SVK,Slovak Republic,2017,0.9027,0.6664,0.5132,0.0974
SVK,Slovak Republic,2018,0.7367,0.5813,0.4729,0.2303
SVK,Slovak Republic,2019,0.6674,0.5497,0.5,0.1877
SVK,Slovak Republic,2020,0.634,0.5021,0.6555,0.4152
SVK,Slovak Republic,2021,0.6179,0.4907,0.6785,0.2108
SVK,Slovak Republic,2022,0.4453,0.3781,0.621,0.2133
SVK,Slovak Republic,2023,0.5732,0.2295,0.6034,0.2926
SVN,Slovenia,2015,0.9475,0.9368,0.9458,0.7371
SVN,Slovenia,2016,0.9791,1.0871,1.0506,0.7848
SVN,Slovenia,2017,0.8664,1.1292,0.9933,0.7769
SVN,Slovenia,2018,0.8943,1.0822,1.0245,0.836
SVN,Slovenia,2019,0.8016,1.0418,1.085,0.8884
SVN,Slovenia,2020,0.7015,1.1212,1.0395,0.7774
SVN,Slovenia,2021,0.7556,1.1373,1.0017,0.693
SVN,Slovenia,2022,0.7093,1.0685,0.9709,0.7673
SVN,Slovenia,2023,0.8186,1.0393,1.0388,0.7766
SWE,Sweden,2015,0.9327,1.6848,1.9903,2.1455
SWE,Sweden,2016,1.0008,1.6631,1.9523,2.1058
SWE,Sweden,2017,0.9686,1.6758,1.8197,2.1
SWE,Sweden,2018,0.9214,1.6711,1.7841,2.1096
SWE,Sweden,2019,1.0119,1.674,1.7922,2.0919
SWE,Sweden,2020,0.9974,1.67,1.7674,2.0945
SWE,Sweden,2021,1.0145,1.6103,1.6994,2.0985
SWE,Sweden,2022,0.9109,1.5724,1.6885,2.0615
SWE,Sweden,2023,0.7584,1.6014,1.604,2.0282
SWZ,Eswatini,2015,-0.4802,-0.5404,-0.3186,-0.2157
SWZ,Eswatini,2016,-0.4943,-0.542,-0.379,-0.2319
SWZ,Eswatini,2017,-0.2709,-0.4918,-0.2746,-0.0727
SWZ,Eswatini,2018,-0.3777,-0.6723,-0.2763,-0.2318
SWZ,Eswatini,2019,-0.2744,-0.6385,-0.4783,-0.3253
SWZ,Eswatini,2020,-0.0405,-0.7544,-0.4991,-0.2923
SWZ,Eswatini,2021,-0.346,-0.7511,-0.5755,-0.6976
SWZ,Eswatini,2022,-0.2105,-0.7814,-0.6454,-0.7263
SWZ,Eswatini,2023,-0.3576,-0.885,-0.5977,-0.735
SYC,Seychelles,2015,0.6746,0.5546,0.3374,1.1419
SYC,Seychelles,2016,0.716,0.5213,0.2861,1.1009
SYC,Seychelles,2017,0.7795,0.4962,0.1688,0.8492
SYC,Seychelles,2018,0.674,0.6332,0.2804,0.8602
SYC,Seychelles,2019,0.6588,0.6224,0.25,1.1757
SYC,Seychelles,2020,0.7018,0.679,0.2348,1.3889
SYC,Seychelles,2021,0.7447,0.8999,0.304,1.6005
SYC,Seychelles,2022,0.7625,0.6619,0.4617,1.6985
SYC,Seychelles,2023,0.7635,0.6247,0.4329,1.6288
SYR,Syrian Arab Republic,2015,-2.9652,-1.6283,-1.4367,-1.569
SYR,Syrian Arab Republic,2016,-2.906,-1.8519,-1.9936,-1.593
SYR,Syrian Arab Republic,2017,-2.6129,-1.8008,-2.098,-1.5836
SYR,Syrian Arab Republic,2018,-2.7365,-1.7023,-2.0546,-1.6483
SYR,Syrian Arab Republic,2019,-2.7305,-1.745,-2.0882,-1.7079
SYR,Syrian Arab Republic,2020,-2.7118,-1.7543,-2.0889,-1.7354
SYR,Syrian Arab Republic,2021,-2.6597,-1.767,-2.0821,-1.7987
SYR,Syrian Arab Republic,2022,-2.7769,-1.753,-2.0691,-1.7762
SYR,Syrian Arab Republic,2023,-2.7506,-1.7882,-2.0352,-1.7502
TCD,Chad,2015,-0.9733,-1.491,-1.2112,-1.3818
TCD,Chad,2016,-1.3019,-1.5594,-1.4078,-1.5115
TCD,Chad,2017,-1.2864,-1.5094,-1.3184,-1.4559
TCD,Chad,2018,-1.478,-1.5623,-1.3312,-1.4044
TCD,Chad,2019,-1.3505,-1.6071,-1.3143,-1.4175
TCD,Chad,2020,-1.2552,-1.5107,-1.3313,-1.4252
TCD,Chad,2021,-1.3899,-1.461,-1.3422,-1.4965
TCD,Chad,2022,-1.4704,-1.4237,-1.3736,-1.4885
TCD,Chad,2023,-1.5595,-1.4791,-1.3542,-1.4824
TGO,Togo,2015,-0.2321,-1.2263,-0.819,-0.755
TGO,Togo,2016,-0.1751,-1.1186,-0.6526,-0.7082
TGO,Togo,2017,-0.8744,-1.1657,-0.731,-0.7354
TGO,Togo,2018,-0.886,-1.0939,-0.6192,-0.7493
TGO,Togo,2019,-0.9083,-0.9727,-0.5905,-0.7461
TGO,Togo,2020,-0.8907,-0.7302,-0.6741,-0.7302
TGO,Togo,2021,-0.6957,-0.6863,-0.5859,-0.6908
TGO,Togo,2022,-0.7881,-0.6456,-0.5504,-0.6376
TGO,Togo,2023,-0.9542,-0.5781,-0.5275,-0.6192
THA,Thailand,2015,-0.995,0.2387,-0.1881,-0.556
THA,Thailand,2016,-0.9913,0.2257,-0.0282,-0.4517
THA,Thailand,2017,-0.7549,0.2578,0.0139,-0.4461
THA,Thailand,2018,-0.7994,0.2545,-0.004,-0.4582
THA,Thailand,2019,-0.4914,0.2606,0.0887,-0.472
THA,Thailand,2020,-0.5783,0.2018,0.1115,-0.4838
THA,Thailand,2021,-0.5688,0.2201,0.0938,-0.4789
THA,Thailand,2022,-0.3933,0.1274,0.0657,-0.4524
THA,Thailand,2023,-0.2803,0.1717,0.2449,-0.4891
TJK,Tajikistan,2015,-0.8823,-0.9049,-1.0752,-1.1482
TJK,Tajikistan,2016,-0.7806,-1.0909,-1.1667,-1.163
TJK,Tajikistan,2017,-0.6743,-1.1824,-1.3741,-1.3464
TJK,Tajikistan,2018,-0.7477,-1.1638,-1.3035,-1.4286
TJK,Tajikistan,2019,-0.5121,-1.1168,-1.2539,-1.3456
TJK,Tajikistan,2020,-0.5001,-0.7592,-1.2506,-1.3452
TJK,Tajikistan,2021,-0.6768,-0.645,-1.2068,-1.3543
TJK,Tajikistan,2022,-0.741,-0.7571,-1.2556,-1.4343
TJK,Tajikistan,2023,-0.4728,-0.7723,-1.2772,-1.3787
TKM,Turkmenistan,2015,-0.0896,-0.5991,-1.42,-1.2259
TKM,Turkmenistan,2016,-0.1951,-0.9122,-1.4884,-1.3958
TKM,Turkmenistan,2017,-0.1288,-1.0117,-1.4816,-1.3691
TKM,Turkmenistan,2018,-0.0129,-1.0899,-1.4646,-1.3828
TKM,Turkmenistan,2019,-0.1781,-1.0177,-1.4099,-1.394
TKM,Turkmenistan,2020,-0.2016,-1.0238,-1.4,-1.4346
TKM,Turkmenistan,2021,-0.332,-0.9614,-1.4587,-1.4396
TKM,Turkmenistan,2022,-0.1103,-1.159,-1.4923,-1.4371
TKM,Turkmenistan,2023,-0.1114,-1.2065,-1.4866,-1.4236
TLS,Timor-Leste,2015,-0.2717,-1.0791,-1.1337,-0.5466
TLS,Timor-Leste,2016,-0.0177,-1.0391,-1.176,-0.5377
TLS,Timor-Leste,2017,0.0664,-1.0037,-1.1732,-0.5656
TLS,Timor-Leste,2018,0.2333,-0.9364,-1.1395,-0.5056
TLS,Timor-Leste,2019,0.2431,-0.8584,-1.1298,-0.4004
TLS,Timor-Leste,2020,0.1974,-0.7559,-1.1996,-0.3393
TLS,Timor-Leste,2021,0.1924,-0.7539,-1.0253,-0.0718
TLS,Timor-Leste,2022,0.2562,-0.7701,-0.8804,-0.2655
TLS,Timor-Leste,2023,0.2602,-0.842,-0.834,-0.2267
TON,Tonga,2015,0.8683,-0.3585,-0.2183,-0.4603
TON,Tonga,2016,0.897,-0.3258,0.3023,-0.4528
TON,Tonga,2017,0.7716,-0.2527,0.3002,-0.1789
TON,Tonga,2018,0.8334,0.1923,0.426,-0.0712
TON,Tonga,2019,1.035,0.2064,0.4982,-0.3302
TON,Tonga,2020,1.0874,0.277,0.4945,-0.3439
TON,Tonga,2021,1.0793,0.3065,0.4298,-0.4291
TON,Tonga,2022,1.0929,-0.1666,0.5955,-0.4205
TON,Tonga,2023,1.0876,-0.1152,0.5485,-0.3083
TTO,Trinidad and Tobago,2015,0.2794,0.2534,-0.1562,-0.3656
TTO,Trinidad and Tobago,2016,0.2773,0.2471,-0.2106,-0.3037
TTO,Trinidad and Tobago,2017,0.2693,0.2259,-0.132,-0.3938
TTO,Trinidad and Tobago,2018,0.2307,0.2068,-0.1692,-0.3797
TTO,Trinidad and Tobago,2019,0.0816,0.088,-0.1701,-0.2567
TTO,Trinidad and Tobago,2020,0.1104,0.174,-0.1705,-0.1601
TTO,Trinidad and Tobago,2021,0.2391,0.1549,-0.1583,-0.2998
TTO,Trinidad and Tobago,2022,0.3484,-0.0255,-0.1686,-0.3794
TTO,Trinidad and Tobago,2023,0.4014,-0.0436,-0.2836,-0.3741
TUN,Tunisia,2015,-0.9602,-0.1022,-0.0465,-0.0772
TUN,Tunisia,2016,-1.1397,-0.2065,0.0216,-0.1632
TUN,Tunisia,2017,-1.0235,-0.0507,0.0938,-0.1596
TUN,Tunisia,2018,-0.8682,-0.0065,0.0533,-0.1144
TUN,Tunisia,2019,-0.8771,-0.0354,0.0871,-0.1396
TUN,Tunisia,2020,-0.5943,-0.1864,0.1415,-0.1154
TUN,Tunisia,2021,-0.7566,-0.2071,0.0663,-0.2623
TUN,Tunisia,2022,-0.5946,-0.2628,-0.1128,-0.2998
TUN,Tunisia,2023,-0.631,-0.3005,-0.139,-0.3419
TUR,Turkiye,2015,-1.4953,0.1995,-0.2323,-0.1615
TUR,Turkiye,2016,-2.0072,-0.0065,-0.3415,-0.1992
TUR,Turkiye,2017,-1.7864,0.0138,-0.3173,-0.2088
TUR,Turkiye,2018,-1.3152,-0.0685,-0.3901,-0.3513
TUR,Turkiye,2019,-1.3782,-0.0205,-0.3468,-0.3259
TUR,Turkiye,2020,-1.1439,-0.1588,-0.4187,-0.3618
TUR,Turkiye,2021,-1.1368,-0.1191,-0.4337,-0.4083
TUR,Turkiye,2022,-1.0322,-0.1996,-0.4597,-0.4681
TUR,Turkiye,2023,-1.0111,-0.2479,-0.512,-0.5025
TUV,Tuvalu,2015,1.366,-0.9693,0.4366,0.0065
TUV,Tuvalu,2016,1.3828,-0.9236,0.5619,0.0555
TUV,Tuvalu,2017,1.2137,-0.6963,0.6224,0.0688
TUV,Tuvalu,2018,1.3912,-0.5544,0.6148,0.0514
TUV,Tuvalu,2019,1.1718,-0.5375,0.5623,0.3876
TUV,Tuvalu,2020,1.2213,-0.4333,0.6525,0.4845
TUV,Tuvalu,2021,1.2677,-0.4052,0.7258,0.6616
TUV,Tuvalu,2022,1.1831,-0.3138,0.817,0.6525
TUV,Tuvalu,2023,1.1891,-0.4498,1.0108,0.6464
TZA,Tanzania,2015,-0.4235,-0.6534,-0.3956,-0.7099
TZA,Tanzania,2016,-0.4482,-0.6069,-0.3963,-0.5314
TZA,Tanzania,2017,-0.5702,-0.6822,-0.4705,-0.487
TZA,Tanzania,2018,-0.5805,-0.7795,-0.5731,-0.476
TZA,Tanzania,2019,-0.3884,-0.8544,-0.5678,-0.4206
TZA,Tanzania,2020,-0.4808,-0.7393,-0.6152,-0.4058
TZA,Tanzania,2021,-0.3356,-0.6483,-0.5515,-0.3946
TZA,Tanzania,2022,-0.2603,-0.4604,-0.4623,-0.3549
TZA,Tanzania,2023,-0.0528,-0.4551,-0.3735,-0.3199
UGA,Uganda,2015,-0.8046,-0.5755,-0.4142,-1.0814
UGA,Uganda,2016,-0.7183,-0.6323,-0.2706,-1.0867
UGA,Uganda,2017,-0.5699,-0.633,-0.3192,-1.0694
UGA,Uganda,2018,-0.7017,-0.6923,-0.3212,-1.0512
UGA,Uganda,2019,-0.6943,-0.6487,-0.3454,-1.1745
UGA,Uganda,2020,-0.811,-0.6165,-0.3456,-1.0659
UGA,Uganda,2021,-0.9378,-0.6007,-0.3693,-1.0285
UGA,Uganda,2022,-0.711,-0.6051,-0.374,-1.0612
UGA,Uganda,2023,-0.6955,-0.5495,-0.4749,-1.0426
UKR,Ukraine,2015,-1.9595,-0.5544,-0.8736,-1.0396
UKR,Ukraine,2016,-1.8533,-0.6095,-0.8172,-0.8678
UKR,Ukraine,2017,-1.8674,-0.514,-0.756,-0.8323
UKR,Ukraine,2018,-1.8722,-0.4596,-0.7603,-0.9213
UKR,Ukraine,2019,-1.4284,-0.3343,-0.7454,-0.8006
UKR,Ukraine,2020,-1.1639,-0.4101,-0.7131,-0.8326
UKR,Ukraine,2021,-1.127,-0.4395,-0.6817,-0.7872
UKR,Ukraine,2022,-1.9493,-0.4971,-0.9179,-0.634
UKR,Ukraine,2023,-1.4298,-0.3573,-0.8883,-0.6861
URY,Uruguay,2015,0.9949,0.4547,0.7365,1.3004
URY,Uruguay,2016,1.0485,0.505,0.6191,1.2471
URY,Uruguay,2017,1.0401,0.4049,0.5571,1.2534
URY,Uruguay,2018,1.0241,0.5049,0.5707,1.2077
URY,Uruguay,2019,1.0283,0.643,0.6035,1.1954
URY,Uruguay,2020,1.055,0.7302,0.6474,1.3647
URY,Uruguay,2021,1.046,0.7997,0.6981,1.586
URY,Uruguay,2022,1.0858,0.8496,0.7679,1.6105
URY,Uruguay,2023,0.9649,0.8502,0.7177,1.5739
USA,United States,2015,0.6629,1.4322,1.563,1.3577
USA,United States,2016,0.3856,1.4405,1.5806,1.3309
USA,United States,2017,0.2621,1.5174,1.609,1.3405
USA,United States,2018,0.3862,1.537,1.4757,1.2927
USA,United States,2019,0.1183,1.4534,1.4242,1.1804
USA,United States,2020,-0.0279,1.2746,1.3365,1.0378
USA,United States,2021,-0.0144,1.2975,1.3892,1.0193
USA,United States,2022,0.0087,1.2555,1.3692,1.1041
USA,United States,2023,0.0294,1.2172,1.3277,1.1234
UZB,Uzbekistan,2015,-0.3745,-0.7529,-1.1387,-1.2859
UZB,Uzbekistan,2016,-0.2808,-0.6615,-1.1292,-1.2006
UZB,Uzbekistan,2017,-0.245,-0.6302,-1.1346,-1.1872
UZB,Uzbekistan,2018,-0.3044,-0.617,-1.099,-1.0826
UZB,Uzbekistan,2019,-0.2966,-0.6001,-1.0829,-1.0471
UZB,Uzbekistan,2020,-0.4367,-0.6155,-1.1179,-1.0734
UZB,Uzbekistan,2021,-0.2529,-0.2646,-0.9212,-0.8298
UZB,Uzbekistan,2022,-0.2013,-0.3299,-0.8523,-0.7578
UZB,Uzbekistan,2023,-0.1546,-0.2838,-0.8328,-0.8075
VCT,St. Vincent and the Grenadines,2015,0.9876,0.1315,0.6165,0.6568
VCT,St. Vincent and the Grenadines,2016,0.9986,0.3774,0.4327,0.6746
VCT,St. Vincent and the Grenadines,2017,0.8711,0.3849,0.4185,0.7062
VCT,St. Vincent and the Grenadines,2018,0.8231,0.3307,0.4443,0.7438
VCT,St. Vincent and the Grenadines,2019,0.9381,0.342,0.4576,0.761
VCT,St. Vincent and the Grenadines,2020,1.0326,0.3071,0.5966,0.7981
VCT,St. Vincent and the Grenadines,2021,1.0403,0.3064,0.5803,0.7745
VCT,St. Vincent and the Grenadines,2022,1.0336,0.3182,0.6448,0.7565
VCT,St. Vincent and the Grenadines,2023,1.018,0.0738,0.5722,0.7373
VEN,"Venezuela, RB",2015,-0.9717,-1.1964,-2.0528,-1.4074
VEN,"Venezuela, RB",2016,-1.023,-1.274,-2.2669,-1.3667
VEN,"Venezuela, RB",2017,-1.2522,-1.4275,-2.2592,-1.3857
VEN,"Venezuela, RB",2018,-1.3513,-1.6716,-2.2656,-1.5123
VEN,"Venezuela, RB",2019,-1.5385,-1.7224,-2.2594,-1.5277
VEN,"Venezuela, RB",2020,-1.5518,-1.8894,-2.3319,-1.5757
VEN,"Venezuela, RB",2021,-1.455,-1.8746,-2.3009,-1.6229
VEN,"Venezuela, RB",2022,-1.2508,-1.6891,-2.1982,-1.6515
VEN,"Venezuela, RB",2023,-1.189,-1.5992,-2.1515,-1.69
VIR,Virgin Islands (U.S.),2015,1.22,1.2216,0.8302,0.5718
VIR,Virgin Islands (U.S.),2016,0.9756,1.2763,0.5778,0.5787
VIR,Virgin Islands (U.S.),2017,0.9815,0.7838,0.5745,0.5813
VIR,Virgin Islands (U.S.),2018,0.9562,0.7748,1.0567,0.5772
VIR,Virgin Islands (U.S.),2019,1.0515,0.7624,1.0262,0.5721
VIR,Virgin Islands (U.S.),2020,1.0034,0.6326,0.8701,-0.0013
VIR,Virgin Islands (U.S.),2021,0.4763,0.6387,0.8871,-0.0039
VIR,Virgin Islands (U.S.),2022,0.5298,0.6676,0.9567,-0.0059
VIR,Virgin Islands (U.S.),2023,0.5347,0.6542,0.9481,-0.0185
VNM,Viet Nam,2015,0.0638,0.0632,-0.355,-0.458
VNM,Viet Nam,2016,0.2268,-0.0175,0.0653,-0.4901
VNM,Viet Nam,2017,0.2111,-0.0333,0.0404,-0.6286
VNM,Viet Nam,2018,0.0331,-0.0117,-0.0355,-0.5118
VNM,Viet Nam,2019,0.04,0.0279,-0.0504,-0.5462
VNM,Viet Nam,2020,-0.039,0.1936,-0.1895,-0.3745
VNM,Viet Nam,2021,-0.1178,0.2434,-0.1722,-0.3082
VNM,Viet Nam,2022,-0.0461,0.1746,-0.1585,-0.2873
VNM,Viet Nam,2023,-0.0364,0.1265,-0.0855,-0.4158
VUT,Vanuatu,2015,0.4585,-0.8209,0.1246,-0.122
VUT,Vanuatu,2016,0.4897,-0.9582,0.4035,-0.0873
VUT,Vanuatu,2017,0.6763,-0.9619,0.532,0.0028
VUT,Vanuatu,2018,0.8026,-0.4616,0.3914,-0.1843
VUT,Vanuatu,2019,1.0064,-0.5177,0.2101,-0.284
VUT,Vanuatu,2020,0.8822,-0.3841,0.2989,-0.1692
VUT,Vanuatu,2021,0.9005,-0.5514,0.4494,-0.0397
VUT,Vanuatu,2022,0.9619,-0.5385,0.3222,-0.0286
VUT,Vanuatu,2023,0.9323,-0.5686,0.1414,-0.0149
WSM,Samoa,2015,1.166,0.6696,0.7444,0.2986
WSM,Samoa,2016,1.1759,0.69,0.8719,0.3004
WSM,Samoa,2017,1.1616,0.7029,0.9179,0.659
WSM,Samoa,2018,1.1338,0.6232,0.9126,0.6471
WSM,Samoa,2019,1.1634,0.4373,1.1627,0.6485
WSM,Samoa,2020,1.1478,0.5453,1.0114,0.7124
WSM,Samoa,2021,1.108,0.3801,0.8862,0.5925
WSM,Samoa,2022,1.0966,0.3079,0.9479,0.5541
WSM,Samoa,2023,1.0982,0.4926,0.9007,0.7271
XKX,Kosovo,2015,-0.2004,-0.4245,-0.4788,-0.56
XKX,Kosovo,2016,-0.2859,-0.4384,-0.3581,-0.4384
XKX,Kosovo,2017,-0.2445,-0.4184,-0.4359,-0.5271
XKX,Kosovo,2018,-0.6754,-0.4444,-0.384,-0.5283
XKX,Kosovo,2019,-0.3486,-0.3702,-0.4099,-0.5414
XKX,Kosovo,2020,-0.2792,-0.3329,-0.4061,-0.463
XKX,Kosovo,2021,-0.1136,-0.257,-0.3002,-0.3415
XKX,Kosovo,2022,-0.1988,-0.1949,-0.3653,-0.2638
XKX,Kosovo,2023,-0.3225,-0.0801,-0.3114,-0.1853
YEM,"Yemen, Rep.",2015,-2.668,-1.7145,-1.2889,-1.5085
YEM,"Yemen, Rep.",2016,-2.7845,-1.9072,-1.6731,-1.6961
YEM,"Yemen, Rep.",2017,-2.9343,-1.952,-1.7571,-1.6168
YEM,"Yemen, Rep.",2018,-2.9962,-2.2737,-1.806,-1.6584
YEM,"Yemen, Rep.",2019,-2.771,-2.3294,-1.7893,-1.7126
YEM,"Yemen, Rep.",2020,-2.6477,-2.3624,-1.7731,-1.7113
YEM,"Yemen, Rep.",2021,-2.5805,-2.3257,-1.8043,-1.6687
YEM,"Yemen, Rep.",2022,-2.4627,-2.2335,-1.8519,-1.6798
YEM,"Yemen, Rep.",2023,-2.5629,-2.2754,-1.839,-1.6489
ZAF,South Africa,2015,-0.2205,0.0873,0.0158,-0.0708
ZAF,South Africa,2016,-0.1491,0.1014,0.0436,0.017
ZAF,South Africa,2017,-0.2848,0.0708,-0.1562,-0.1278
ZAF,South Africa,2018,-0.2375,0.1036,-0.2218,-0.1368
ZAF,South Africa,2019,-0.2832,0.128,-0.1883,-0.0313
ZAF,South Africa,2020,-0.2529,0.0465,-0.244,-0.0595
ZAF,South Africa,2021,-0.751,-0.0701,0.065,-0.0342
ZAF,South Africa,2022,-0.6814,-0.109,0.0408,-0.3301
ZAF,South Africa,2023,-0.6656,-0.2569,0.0862,-0.2847
ZMB,Zambia,2015,0.1447,-0.6431,-0.2428,-0.3687
ZMB,Zambia,2016,0.1329,-0.7375,-0.3123,-0.4273
ZMB,Zambia,2017,0.142,-0.7003,-0.3399,-0.5676
ZMB,Zambia,2018,0.0826,-0.6535,-0.3583,-0.6789
ZMB,Zambia,2019,-0.117,-0.7418,-0.4731,-0.6722
ZMB,Zambia,2020,-0.131,-0.8247,-0.6482,-0.7319
ZMB,Zambia,2021,0.0524,-0.841,-0.6064,-0.7577
ZMB,Zambia,2022,0.1613,-0.638,-0.517,-0.5049
ZMB,Zambia,2023,0.2017,-0.659,-0.5291,-0.4777
ZWE,Zimbabwe,2015,-0.6192,-1.2496,-1.339,-1.3378
ZWE,Zimbabwe,2016,-0.6208,-1.2589,-1.3916,-1.2887
ZWE,Zimbabwe,2017,-0.7104,-1.2802,-1.3954,-1.2981
ZWE,Zimbabwe,2018,-0.721,-1.298,-1.2931,-1.2464
ZWE,Zimbabwe,2019,-0.9433,-1.3104,-1.311,-1.2903
ZWE,Zimbabwe,2020,-1.0527,-1.3424,-1.3374,-1.3088
ZWE,Zimbabwe,2021,-0.9544,-1.2906,-1.2821,-1.2771
ZWE,Zimbabwe,2022,-0.895,-1.2512,-1.237,-1.26
ZWE,Zimbabwe,2023,-0.9344,-1.1703,-1.2771,-1.2612
