country_code,year,refugees,asylum_seekers,refugees_plus_asylum
ABW,2022,0,7,7
AFG,2010,3054699,37101,3091800
AFG,2011,2664423,39199,2703622
AFG,2012,2586132,62304,2648436
AFG,2013,2556483,75284,2631767
AFG,2014,2596259,85407,2681666
AFG,2015,2666294,258862,2925156
AFG,2016,2501447,369072,2870519
AFG,2017,2624265,333986,2958251
AFG,2018,2681267,310107,2991374
AFG,2019,2727556,251047,2978603
AFG,2020,2594827,238791,2833618
AFG,2021,2712869,262860,2975729
AFG,2022,5661717,294493,5956210
AFG,2023,6403144,296033,6699177
AGO,2010,134851,710,135561
AGO,2011,128657,773,129430
AGO,2012,19253,1158,20411
AGO,2013,10274,1442,11716
AGO,2014,9468,1718,11186
AGO,2015,11855,3251,15106
AGO,2016,8388,4767,13155
AGO,2017,8292,7819,16111
AGO,2018,8243,8904,17147
AGO,2019,8176,10772,18948
AGO,2020,8196,12402,20598
AGO,2021,11403,12692,24095
AGO,2022,12021,16523,28544
AGO,2023,11506,22824,34330
AIA,2020,0,5,5
AIA,2021,0,5,5
AIA,2022,5,5,10
AIA,2023,0,5,5
ALB,2010,14771,1350,16121
ALB,2011,13552,2193,15745
ALB,2012,12569,3722,16291
ALB,2013,10104,9771,19875
ALB,2014,10156,15098,25254
ALB,2015,10404,42155,52559
ALB,2016,11060,23760,34820
ALB,2017,12168,18761,30929
ALB,2018,13512,21071,34583
ALB,2019,15027,19007,34034
ALB,2020,15523,17628,33151
ALB,2021,19847,22331,42178
ALB,2022,20865,34406,55271
ALB,2023,21919,17539,39458
AND,2010,5,0,5
AND,2011,5,0,5
AND,2012,6,0,6
AND,2013,5,0,5
AND,2014,5,0,5
AND,2015,5,5,10
AND,2016,0,5,5
AND,2017,0,5,5
AND,2020,0,5,5
AND,2021,0,5,5
AND,2022,5,5,10
AND,2023,0,14,14
ARE,2010,418,24,442
ARE,2011,484,6,490
ARE,2012,580,13,593
ARE,2013,84,41,125
ARE,2014,84,68,152
ARE,2015,91,103,194
ARE,2016,103,160,263
ARE,2017,137,207,344
ARE,2018,169,272,441
ARE,2019,155,181,336
ARE,2020,181,181,362
ARE,2021,160,215,375
ARE,2022,199,594,793
ARE,2023,229,171,400
ARG,2010,553,84,637
ARG,2011,506,54,560
ARG,2012,435,41,476
ARG,2013,381,71,452
ARG,2014,311,102,413
ARG,2015,186,160,346
ARG,2016,120,219,339
ARG,2017,121,352,473
ARG,2018,112,489,601
ARG,2019,99,932,1031
ARG,2020,99,1189,1288
ARG,2021,124,1774,1898
ARG,2022,194,2271,2465
ARG,2023,300,4388,4688
ARM,2010,17553,2947,20500
ARM,2011,16491,2652,19143
ARM,2012,15937,2888,18825
ARM,2013,11995,5363,17358
ARM,2014,11839,6287,18126
ARM,2015,11211,8491,19702
ARM,2016,10707,13092,23799
ARM,2017,10786,14907,25693
ARM,2018,11040,13697,24737
ARM,2019,10962,11097,22059
ARM,2020,10334,8850,19184
ARM,2021,12255,9291,21546
ARM,2022,14868,13474,28342
ARM,2023,15072,18378,33450
ATG,2010,28,32,60
ATG,2011,32,32,64
ATG,2012,45,35,80
ATG,2013,50,28,78
ATG,2014,53,15,68
ATG,2015,56,12,68
ATG,2016,82,30,112
ATG,2017,99,63,162
ATG,2018,107,47,154
ATG,2019,117,65,182
ATG,2020,108,51,159
ATG,2021,105,55,160
ATG,2022,58,58,116
ATG,2023,67,51,118
AUS,2010,38,10,48
AUS,2011,38,5,43
AUS,2012,47,5,52
AUS,2013,27,5,32
AUS,2014,27,0,27
AUS,2015,21,0,21
AUS,2016,15,10,25
AUS,2017,10,10,20
AUS,2018,10,17,27
AUS,2019,20,50,70
AUS,2020,20,12,32
AUS,2021,16,21,37
AUS,2022,36,25,61
AUS,2023,29,68,97
AUT,2010,10,0,10
AUT,2011,10,0,10
AUT,2012,15,5,20
AUT,2013,5,10,15
AUT,2014,5,0,5
AUT,2015,0,5,5
AUT,2016,0,5,5
AUT,2017,10,26,36
AUT,2018,24,10,34
AUT,2019,18,10,28
AUT,2020,18,0,18
AUT,2021,23,5,28
AUT,2022,41,17,58
AUT,2023,23,30,53
AZE,2010,16756,2072,18828
AZE,2011,16168,2188,18356
AZE,2012,15541,2187,17728
AZE,2013,10808,3613,14421
AZE,2014,10508,4391,14899
AZE,2015,9707,5212,14919
AZE,2016,10118,8098,18216
AZE,2017,10893,9541,20434
AZE,2018,11246,9318,20564
AZE,2019,11626,8232,19858
AZE,2020,101468,6425,107893
AZE,2021,39478,5235,44713
AZE,2022,42116,5726,47842
AZE,2023,158098,6777,164875
BDI,2010,84053,7494,91547
BDI,2011,101282,9495,110777
BDI,2012,73354,12957,86311
BDI,2013,72636,14396,87032
BDI,2014,72477,19357,91834
BDI,2015,292750,26856,319606
BDI,2016,408066,24395,432461
BDI,2017,439320,60433,499753
BDI,2018,387850,53360,441210
BDI,2019,380900,53166,434066
BDI,2020,372951,50227,423178
BDI,2021,323635,52171,375806
BDI,2022,320702,56399,377101
BDI,2023,319857,61035,380892
BEL,2010,80,6,86
BEL,2011,88,0,88
BEL,2012,91,13,104
BEL,2013,76,31,107
BEL,2014,76,21,97
BEL,2015,66,37,103
BEL,2016,44,20,64
BEL,2017,52,37,89
BEL,2018,50,79,129
BEL,2019,34,105,139
BEL,2020,28,62,90
BEL,2021,29,89,118
BEL,2022,28,86,114
BEL,2023,53,149,202
BEN,2010,438,225,663
BEN,2011,460,269,729
BEN,2012,451,428,879
BEN,2013,294,501,795
BEN,2014,330,684,1014
BEN,2015,400,1141,1541
BEN,2016,479,1145,1624
BEN,2017,572,1131,1703
BEN,2018,659,1078,1737
BEN,2019,721,1214,1935
BEN,2020,606,1350,1956
BEN,2021,730,1382,2112
BEN,2022,811,1407,2218
BEN,2023,905,2816,3721
BFA,2010,1141,499,1640
BFA,2011,1262,337,1599
BFA,2012,1458,504,1962
BFA,2013,1578,937,2515
BFA,2014,1853,1566,3419
BFA,2015,2147,2691,4838
BFA,2016,2352,4195,6547
BFA,2017,2694,5557,8251
BFA,2018,11447,4949,16396
BFA,2019,11733,4996,16729
BFA,2020,15694,5110,20804
BFA,2021,20209,5585,25794
BFA,2022,29914,35535,65449
BFA,2023,54869,90419,145288
BGD,2010,10046,6492,16538
BGD,2011,10047,5238,15285
BGD,2012,10159,8162,18321
BGD,2013,9720,22857,32577
BGD,2014,10868,21604,32472
BGD,2015,12154,30544,42698
BGD,2016,13842,25929,39771
BGD,2017,16780,68118,84898
BGD,2018,21022,58843,79865
BGD,2019,22766,62860,85626
BGD,2020,18948,64636,83584
BGD,2021,22672,65495,88167
BGD,2022,23935,61298,85233
BGD,2023,24126,75867,99993
BGR,2010,2558,124,2682
BGR,2011,2322,183,2505
BGR,2012,2143,136,2279
BGR,2013,1875,177,2052
BGR,2014,1644,187,1831
BGR,2015,1264,207,1471
BGR,2016,799,258,1057
BGR,2017,716,316,1032
BGR,2018,620,367,987
BGR,2019,566,344,910
BGR,2020,510,350,860
BGR,2021,455,340,795
BGR,2022,790,356,1146
BGR,2023,393,389,782
BHR,2010,81,24,105
BHR,2011,213,72,285
BHR,2012,294,103,397
BHR,2013,274,89,363
BHR,2014,344,98,442
BHR,2015,422,81,503
BHR,2016,461,118,579
BHR,2017,497,172,669
BHR,2018,540,136,676
BHR,2019,557,156,713
BHR,2020,534,118,652
BHR,2021,416,137,553
BHR,2022,312,158,470
BHR,2023,304,207,511
BHS,2010,17,28,45
BHS,2011,184,35,219
BHS,2012,195,32,227
BHS,2013,208,27,235
BHS,2014,216,40,256
BHS,2015,216,80,296
BHS,2016,298,119,417
BHS,2017,378,235,613
BHS,2018,421,391,812
BHS,2019,501,528,1029
BHS,2020,534,695,1229
BHS,2021,736,658,1394
BHS,2022,781,1210,1991
BHS,2023,1067,1825,2892
BIH,2010,62996,1342,64338
BIH,2011,58572,1949,60521
BIH,2012,51815,2791,54606
BIH,2013,26787,4140,30927
BIH,2014,21883,6566,28449
BIH,2015,18763,7015,25778
BIH,2016,18194,3108,21302
BIH,2017,17690,1886,19576
BIH,2018,16956,1619,18575
BIH,2019,16556,1487,18043
BIH,2020,15578,1358,16936
BIH,2021,18189,1631,19820
BIH,2022,19466,1500,20966
BIH,2023,19318,1313,20631
BLR,2010,5735,737,6472
BLR,2011,5916,910,6826
BLR,2012,6181,1013,7194
BLR,2013,4387,870,5257
BLR,2014,4296,931,5227
BLR,2015,4117,1472,5589
BLR,2016,3831,1985,5816
BLR,2017,3650,2862,6512
BLR,2018,3526,3282,6808
BLR,2019,3425,4012,7437
BLR,2020,3139,4698,7837
BLR,2021,4632,6799,11431
BLR,2022,11598,8396,19994
BLR,2023,15071,11837,26908
BLZ,2010,21,10,31
BLZ,2011,29,14,43
BLZ,2012,35,5,40
BLZ,2013,37,53,90
BLZ,2014,42,83,125
BLZ,2015,48,96,144
BLZ,2016,58,160,218
BLZ,2017,64,206,270
BLZ,2018,68,219,287
BLZ,2019,73,278,351
BLZ,2020,68,314,382
BLZ,2021,81,369,450
BLZ,2022,65,481,546
BLZ,2023,72,976,1048
BMU,2011,0,5,5
BMU,2012,0,5,5
BMU,2023,5,99,104
BOL,2010,589,134,723
BOL,2011,615,152,767
BOL,2012,616,162,778
BOL,2013,594,201,795
BOL,2014,594,262,856
BOL,2015,566,342,908
BOL,2016,530,411,941
BOL,2017,520,865,1385
BOL,2018,502,1004,1506
BOL,2019,514,1238,1752
BOL,2020,535,1370,1905
BOL,2021,549,1830,2379
BOL,2022,578,2324,2902
BOL,2023,468,4467,4935
BRA,2010,991,241,1232
BRA,2011,1040,197,1237
BRA,2012,1073,242,1315
BRA,2013,982,551,1533
BRA,2014,977,1190,2167
BRA,2015,893,2151,3044
BRA,2016,803,3760,4563
BRA,2017,851,6786,7637
BRA,2018,1038,8570,9608
BRA,2019,1399,12034,13433
BRA,2020,1548,16857,18405
BRA,2021,1954,26440,28394
BRA,2022,2740,49183,51923
BRA,2023,3798,72234,76032
BRB,2010,29,63,92
BRB,2011,42,73,115
BRB,2012,50,56,106
BRB,2013,63,51,114
BRB,2014,82,17,99
BRB,2015,95,24,119
BRB,2016,144,44,188
BRB,2017,172,76,248
BRB,2018,211,81,292
BRB,2019,243,116,359
BRB,2020,230,120,350
BRB,2021,265,91,356
BRB,2022,231,226,457
BRB,2023,298,255,553
BRN,2015,0,5,5
BRN,2016,0,5,5
BRN,2017,0,9,9
BRN,2019,0,10,10
BRN,2020,0,10,10
BRN,2021,0,5,5
BRN,2022,0,14,14
BRN,2023,0,24,24
BTN,2010,75062,1009,76071
BTN,2011,57980,1014,58994
BTN,2012,41582,99,41681
BTN,2013,31556,157,31713
BTN,2014,23633,190,23823
BTN,2015,17709,223,17932
BTN,2016,11757,277,12034
BTN,2017,7954,400,8354
BTN,2018,7100,390,7490
BTN,2019,6839,413,7252
BTN,2020,6741,411,7152
BTN,2021,6702,487,7189
BTN,2022,6688,465,7153
BTN,2023,6676,468,7144
BWA,2010,56,185,241
BWA,2011,88,168,256
BWA,2012,125,126,251
BWA,2013,165,101,266
BWA,2014,234,69,303
BWA,2015,306,73,379
BWA,2016,265,127,392
BWA,2017,279,95,374
BWA,2018,289,89,378
BWA,2019,228,139,367
BWA,2020,191,134,325
BWA,2021,122,213,335
BWA,2022,81,686,767
BWA,2023,150,1389,1539
CAF,2010,164902,1504,166406
CAF,2011,162861,1793,164654
CAF,2012,164567,1899,166466
CAF,2013,252854,7459,260313
CAF,2014,412028,14361,426389
CAF,2015,471093,10634,481727
CAF,2016,490879,10603,501482
CAF,2017,545513,12997,558510
CAF,2018,590858,17278,608136
CAF,2019,610152,15935,626087
CAF,2020,642161,13458,655619
CAF,2021,737658,14283,751941
CAF,2022,748344,14291,762635
CAF,2023,759187,14775,773962
CAN,2010,86,5,91
CAN,2011,108,0,108
CAN,2012,121,5,126
CAN,2013,94,23,117
CAN,2014,89,55,144
CAN,2015,73,334,407
CAN,2016,76,54,130
CAN,2017,75,78,153
CAN,2018,81,79,160
CAN,2019,71,88,159
CAN,2020,65,108,173
CAN,2021,60,126,186
CAN,2022,186,218,404
CAN,2023,223,311,534
CHE,2010,20,0,20
CHE,2011,20,0,20
CHE,2012,16,5,21
CHE,2013,11,0,11
CHE,2014,16,0,16
CHE,2015,16,0,16
CHE,2016,5,10,15
CHE,2017,5,10,15
CHE,2018,5,13,18
CHE,2019,5,20,25
CHE,2020,5,16,21
CHE,2021,0,21,21
CHE,2022,8,27,35
CHE,2023,0,42,42
CHL,2010,1163,170,1333
CHL,2011,1182,117,1299
CHL,2012,1145,63,1208
CHL,2013,588,66,654
CHL,2014,571,98,669
CHL,2015,554,149,703
CHL,2016,495,200,695
CHL,2017,493,350,843
CHL,2018,479,514,993
CHL,2019,486,1251,1737
CHL,2020,659,2111,2770
CHL,2021,987,9058,10045
CHL,2022,1500,11879,13379
CHL,2023,1901,19228,21129
CHN,2010,184601,7732,192333
CHN,2011,190369,11375,201744
CHN,2012,193449,15362,208811
CHN,2013,195121,24799,219920
CHN,2014,210793,47335,258128
CHN,2015,212911,57693,270604
CHN,2016,207768,72165,279933
CHN,2017,207716,89508,297224
CHN,2018,212039,94351,306390
CHN,2019,212863,104248,317111
CHN,2020,175361,108071,283432
CHN,2021,170222,118476,288698
CHN,2022,161366,116338,277704
CHN,2023,160565,137143,297708
CIV,2010,41747,6014,47761
CIV,2011,154818,18197,173015
CIV,2012,100709,11192,111901
CIV,2013,85650,10985,96635
CIV,2014,71956,13404,85360
CIV,2015,71107,13752,84859
CIV,2016,46811,18628,65439
CIV,2017,40009,26535,66544
CIV,2018,38316,22855,61171
CIV,2019,39351,19881,59232
CIV,2020,37525,34216,71741
CIV,2021,39940,32608,72548
CIV,2022,25148,22037,47185
CIV,2023,25994,25948,51942
CMR,2010,14952,2077,17029
CMR,2011,15149,2480,17629
CMR,2012,13360,3380,16740
CMR,2013,11410,4215,15625
CMR,2014,10739,5013,15752
CMR,2015,10565,7357,17922
CMR,2016,10344,10943,21287
CMR,2017,11032,24607,35639
CMR,2018,45118,18638,63756
CMR,2019,66241,21865,88106
CMR,2020,78481,23013,101494
CMR,2021,125477,22151,147628
CMR,2022,147352,21927,169279
CMR,2023,110715,50840,161555
COD,2010,476691,43082,519773
COD,2011,491470,52315,543785
COD,2012,509275,58670,567945
COD,2013,499551,65353,564904
COD,2014,516765,67339,584104
COD,2015,541487,76029,617516
COD,2016,537474,82709,620183
COD,2017,620805,136152,756957
COD,2018,720302,133422,853724
COD,2019,802974,145502,948476
COD,2020,840392,145372,985764
COD,2021,908401,148099,1056500
COD,2022,932680,135099,1067779
COD,2023,978209,149805,1128014
COG,2010,20682,2999,23681
COG,2011,12836,1944,14780
COG,2012,12113,2489,14602
COG,2013,11744,3273,15017
COG,2014,14498,3410,17908
COG,2015,14772,4071,18843
COG,2016,13291,4346,17637
COG,2017,13295,13068,26363
COG,2018,13354,11762,25116
COG,2019,12743,11227,23970
COG,2020,12590,12836,25426
COG,2021,14253,12795,27048
COG,2022,13331,9580,22911
COG,2023,13820,10363,24183
COL,2010,395579,60336,455915
COL,2011,395950,42586,438536
COL,2012,394112,18635,412747
COL,2013,396711,15638,412349
COL,2014,360291,4713,365004
COL,2015,340116,6879,346995
COL,2016,311059,12581,323640
COL,2017,191635,32478,224113
COL,2018,138583,45674,184257
COL,2019,189254,75548,264802
COL,2020,189866,70917,260783
COL,2021,115792,80705,196497
COL,2022,109012,144210,253222
COL,2023,115513,301824,417337
COM,2010,365,5,370
COM,2011,420,28,448
COM,2012,449,54,503
COM,2013,509,318,827
COM,2014,580,348,928
COM,2015,550,226,776
COM,2016,572,226,798
COM,2017,600,322,922
COM,2018,624,500,1124
COM,2019,658,1459,2117
COM,2020,748,2688,3436
COM,2021,1670,1833,3503
COM,2022,1900,792,2692
COM,2023,2194,921,3115
CPV,2010,22,0,22
CPV,2011,22,5,27
CPV,2012,22,10,32
CPV,2013,22,17,39
CPV,2014,27,46,73
CPV,2015,27,95,122
CPV,2016,10,98,108
CPV,2017,5,181,186
CPV,2018,10,206,216
CPV,2019,10,250,260
CPV,2020,5,258,263
CPV,2021,10,273,283
CPV,2022,20,256,276
CPV,2023,19,247,266
CRI,2010,352,74,426
CRI,2011,332,39,371
CRI,2012,325,23,348
CRI,2013,463,460,923
CRI,2014,414,125,539
CRI,2015,374,213,587
CRI,2016,202,312,514
CRI,2017,195,486,681
CRI,2018,207,548,755
CRI,2019,206,739,945
CRI,2020,208,800,1008
CRI,2021,235,989,1224
CRI,2022,275,1279,1554
CRI,2023,207,1684,1891
CUB,2010,7460,4380,11840
CUB,2011,7845,908,8753
CUB,2012,7722,823,8545
CUB,2013,7453,1120,8573
CUB,2014,7497,1815,9312
CUB,2015,6827,2353,9180
CUB,2016,5940,5025,10965
CUB,2017,5331,13258,18589
CUB,2018,5488,26597,32085
CUB,2019,6625,55944,62569
CUB,2020,8912,62234,71146
CUB,2021,11534,71590,83124
CUB,2022,14676,240994,255670
CUB,2023,18560,329692,348252
CUW,2013,35,59,94
CUW,2014,35,0,35
CUW,2015,35,0,35
CUW,2016,35,0,35
CUW,2017,35,0,35
CUW,2018,35,0,35
CUW,2019,35,0,35
CUW,2020,35,0,35
CUW,2021,35,0,35
CUW,2022,35,5,40
CUW,2023,8,0,8
CYM,2013,6,0,6
CYM,2014,6,0,6
CYM,2015,6,0,6
CYM,2016,6,0,6
CYM,2017,6,0,6
CYM,2018,6,0,6
CYM,2019,6,0,6
CYM,2020,5,0,5
CYM,2021,5,0,5
CYM,2022,5,0,5
CYP,2010,10,0,10
CYP,2011,10,0,10
CYP,2012,10,0,10
CYP,2013,10,0,10
CYP,2014,10,0,10
CYP,2015,0,5,5
CYP,2016,0,5,5
CYP,2017,0,20,20
CYP,2018,7,20,27
CYP,2019,0,35,35
CYP,2020,0,19,19
CYP,2021,5,15,20
CYP,2022,0,31,31
CYP,2023,5,38,43
CZE,2010,811,1152,1963
CZE,2011,758,656,1414
CZE,2012,620,194,814
CZE,2013,984,111,1095
CZE,2014,1321,97,1418
CZE,2015,1280,119,1399
CZE,2016,1266,233,1499
CZE,2017,1272,307,1579
CZE,2018,1236,224,1460
CZE,2019,1166,181,1347
CZE,2020,1112,158,1270
CZE,2021,758,161,919
CZE,2022,604,228,832
CZE,2023,637,176,813
DEU,2010,159,30,189
DEU,2011,169,29,198
DEU,2012,174,21,195
DEU,2013,164,73,237
DEU,2014,170,77,247
DEU,2015,153,86,239
DEU,2016,67,128,195
DEU,2017,66,179,245
DEU,2018,61,176,237
DEU,2019,69,201,270
DEU,2020,71,166,237
DEU,2021,59,248,307
DEU,2022,162,539,701
DEU,2023,209,762,971
DJI,2010,556,226,782
DJI,2011,595,275,870
DJI,2012,626,299,925
DJI,2013,747,391,1138
DJI,2014,870,414,1284
DJI,2015,1059,542,1601
DJI,2016,1437,831,2268
DJI,2017,1761,1286,3047
DJI,2018,2124,1100,3224
DJI,2019,2351,834,3185
DJI,2020,2419,883,3302
DJI,2021,2607,994,3601
DJI,2022,1706,1187,2893
DJI,2023,1840,1574,3414
DMA,2010,51,16,67
DMA,2011,49,11,60
DMA,2012,52,12,64
DMA,2013,41,20,61
DMA,2014,35,13,48
DMA,2015,35,89,124
DMA,2016,20,126,146
DMA,2017,26,63,89
DMA,2018,36,56,92
DMA,2019,50,82,132
DMA,2020,55,74,129
DMA,2021,54,124,178
DMA,2022,57,162,219
DMA,2023,73,344,417
DNK,2010,6,0,6
DNK,2011,6,0,6
DNK,2012,6,0,6
DNK,2013,6,5,11
DNK,2014,11,10,21
DNK,2015,11,15,26
DNK,2016,0,5,5
DNK,2017,0,21,21
DNK,2018,0,35,35
DNK,2019,5,37,42
DNK,2020,5,17,22
DNK,2021,8,25,33
DNK,2022,0,35,35
DNK,2023,0,16,16
DOM,2010,238,386,624
DOM,2011,239,347,586
DOM,2012,280,355,635
DOM,2013,298,840,1138
DOM,2014,348,1139,1487
DOM,2015,382,1709,2091
DOM,2016,359,2354,2713
DOM,2017,427,3159,3586
DOM,2018,472,3406,3878
DOM,2019,546,4038,4584
DOM,2020,550,4244,4794
DOM,2021,635,4642,5277
DOM,2022,719,6996,7715
DOM,2023,886,10791,11677
DZA,2010,6665,1714,8379
DZA,2011,6093,2183,8276
DZA,2012,5657,2463,8120
DZA,2013,3643,4286,7929
DZA,2014,3509,5127,8636
DZA,2015,3470,7622,11092
DZA,2016,3705,7177,10882
DZA,2017,4021,6432,10453
DZA,2018,4181,7447,11628
DZA,2019,4514,7703,12217
DZA,2020,4571,7779,12350
DZA,2021,6003,6871,12874
DZA,2022,7734,8923,16657
DZA,2023,7629,11330,18959
ECU,2010,859,201,1060
ECU,2011,912,254,1166
ECU,2012,848,519,1367
ECU,2013,711,2340,3051
ECU,2014,807,6966,7773
ECU,2015,1006,10415,11421
ECU,2016,1041,13682,14723
ECU,2017,1251,17341,18592
ECU,2018,1424,17727,19151
ECU,2019,1644,19340,20984
ECU,2020,1689,22090,23779
ECU,2021,1825,27286,29111
ECU,2022,3205,40358,43563
ECU,2023,4244,66416,70660
EGY,2010,6903,1571,8474
EGY,2011,7922,2613,10535
EGY,2012,10014,4118,14132
EGY,2013,12804,9478,22282
EGY,2014,15899,10816,26715
EGY,2015,17929,12142,30071
EGY,2016,19792,13026,32818
EGY,2017,22106,14588,36694
EGY,2018,24850,16760,41610
EGY,2019,27416,16627,44043
EGY,2020,26553,16313,42866
EGY,2021,27498,21016,48514
EGY,2022,24390,27834,52224
EGY,2023,23160,46356,69516
ERI,2010,222457,13569,236026
ERI,2011,251941,14598,266539
ERI,2012,285356,20544,305900
ERI,2013,308210,28924,337134
ERI,2014,363081,53650,416731
ERI,2015,407428,62088,469516
ERI,2016,457247,67694,524941
ERI,2017,486209,78308,564517
ERI,2018,507260,78584,585844
ERI,2019,504300,72164,576464
ERI,2020,524738,72942,597680
ERI,2021,511911,77188,589099
ERI,2022,512674,79010,591684
ERI,2023,559853,104892,664745
ESH,2010,116411,24,116435
ESH,2011,116414,5,116419
ESH,2012,116451,128,116579
ESH,2013,116500,404,116904
ESH,2014,116478,1176,117654
ESH,2015,116542,1438,117980
ESH,2016,116648,1993,118641
ESH,2017,116762,1843,118605
ESH,2018,116790,1803,118593
ESH,2019,116908,955,117863
ESH,2020,116925,1038,117963
ESH,2021,117041,689,117730
ESH,2022,91026,750,91776
ESH,2023,90974,827,91801
ESP,2010,41,70,111
ESP,2011,42,85,127
ESP,2012,55,81,136
ESP,2013,56,68,124
ESP,2014,60,68,128
ESP,2015,60,85,145
ESP,2016,34,120,154
ESP,2017,39,197,236
ESP,2018,46,238,284
ESP,2019,51,276,327
ESP,2020,52,294,346
ESP,2021,55,423,478
ESP,2022,62,452,514
ESP,2023,56,1322,1378
EST,2010,242,15,257
EST,2011,225,34,259
EST,2012,455,28,483
EST,2013,349,22,371
EST,2014,340,31,371
EST,2015,315,39,354
EST,2016,303,42,345
EST,2017,288,42,330
EST,2018,281,37,318
EST,2019,274,55,329
EST,2020,277,43,320
EST,2021,271,48,319
EST,2022,45,61,106
EST,2023,60,58,118
ETH,2010,68838,48883,117721
ETH,2011,70601,38827,109428
ETH,2012,74964,41902,116866
ETH,2013,77109,49315,126424
ETH,2014,86857,61368,148225
ETH,2015,85839,76680,162519
ETH,2016,83958,78854,162812
ETH,2017,87448,133659,221107
ETH,2018,92232,133254,225486
ETH,2019,93467,135267,228734
ETH,2020,151426,125072,276498
ETH,2021,149130,139211,288341
ETH,2022,149603,121362,270965
ETH,2023,158344,139424,297768
FIN,2010,6,0,6
FIN,2011,6,5,11
FIN,2012,5,6,11
FIN,2013,5,5,10
FIN,2014,5,0,5
FIN,2015,10,0,10
FIN,2016,5,5,10
FIN,2017,5,10,15
FIN,2018,5,5,10
FIN,2019,0,10,10
FIN,2021,5,0,5
FIN,2022,0,15,15
FIN,2023,0,46,46
FJI,2010,1849,298,2147
FJI,2011,1576,256,1832
FJI,2012,1314,269,1583
FJI,2013,1109,463,1572
FJI,2014,927,769,1696
FJI,2015,887,429,1316
FJI,2016,791,510,1301
FJI,2017,734,678,1412
FJI,2018,675,1297,1972
FJI,2019,591,2343,2934
FJI,2020,516,2683,3199
FJI,2021,414,2997,3411
FJI,2022,336,3317,3653
FJI,2023,207,3017,3224
FRA,2010,90,33,123
FRA,2011,92,51,143
FRA,2012,94,38,132
FRA,2013,92,42,134
FRA,2014,84,40,124
FRA,2015,90,77,167
FRA,2016,50,116,166
FRA,2017,54,140,194
FRA,2018,59,219,278
FRA,2019,50,268,318
FRA,2020,49,175,224
FRA,2021,38,280,318
FRA,2022,65,405,470
FRA,2023,50,475,525
FSM,2015,0,6,6
FSM,2022,0,5,5
GAB,2010,167,37,204
GAB,2011,180,35,215
GAB,2012,189,56,245
GAB,2013,180,104,284
GAB,2014,179,116,295
GAB,2015,174,224,398
GAB,2016,167,431,598
GAB,2017,216,696,912
GAB,2018,342,739,1081
GAB,2019,440,893,1333
GAB,2020,454,1115,1569
GAB,2021,620,902,1522
GAB,2022,772,717,1489
GAB,2023,866,834,1700
GBR,2010,152,43,195
GBR,2011,150,40,190
GBR,2012,150,45,195
GBR,2013,140,66,206
GBR,2014,137,77,214
GBR,2015,128,109,237
GBR,2016,78,100,178
GBR,2017,85,158,243
GBR,2018,84,184,268
GBR,2019,69,227,296
GBR,2020,62,200,262
GBR,2021,81,277,358
GBR,2022,217,406,623
GBR,2023,210,390,600
GEO,2010,10636,7185,17821
GEO,2011,10115,2957,13072
GEO,2012,9266,4575,13841
GEO,2013,6787,11558,18345
GEO,2014,6687,7803,14490
GEO,2015,6505,9245,15750
GEO,2016,6405,14147,20552
GEO,2017,6535,16466,23001
GEO,2018,6983,21006,27989
GEO,2019,7519,19734,27253
GEO,2020,7346,15408,22754
GEO,2021,9754,16648,26402
GEO,2022,13389,29166,42555
GEO,2023,14695,38556,53251
GHA,2010,20175,1996,22171
GHA,2011,20333,2493,22826
GHA,2012,24269,3469,27738
GHA,2013,21048,4977,26025
GHA,2014,22116,7619,29735
GHA,2015,22962,10705,33667
GHA,2016,15527,11846,27373
GHA,2017,16959,17504,34463
GHA,2018,18071,12542,30613
GHA,2019,18432,10551,28983
GHA,2020,13844,10092,23936
GHA,2021,14251,9177,23428
GHA,2022,14949,8783,23732
GHA,2023,13870,11066,24936
GIN,2010,11978,2769,14747
GIN,2011,13164,4641,17805
GIN,2012,14062,9504,23566
GIN,2013,14559,11604,26163
GIN,2014,15247,17813,33060
GIN,2015,16995,17832,34827
GIN,2016,17536,24389,41925
GIN,2017,20333,34518,54851
GIN,2018,23493,33045,56538
GIN,2019,26857,30409,57266
GIN,2020,26792,31566,58358
GIN,2021,34403,26458,60861
GIN,2022,35244,25242,60486
GIN,2023,38585,34513,73098
GLP,2014,0,12,12
GLP,2015,0,23,23
GLP,2017,0,37,37
GLP,2018,0,11,11
GLP,2020,0,86,86
GLP,2021,0,88,88
GLP,2022,17,128,145
GLP,2023,17,80,97
GMB,2010,2233,1044,3277
GMB,2011,2572,1179,3751
GMB,2012,3063,1753,4816
GMB,2013,3382,3817,7199
GMB,2014,5122,10476,15598
GMB,2015,8473,12820,21293
GMB,2016,11589,18888,30477
GMB,2017,14564,22214,36778
GMB,2018,17237,14016,31253
GMB,2019,17813,9161,26974
GMB,2020,10579,7091,17670
GMB,2021,11042,5731,16773
GMB,2022,10698,4854,15552
GMB,2023,8107,5744,13851
GNB,2010,1117,338,1455
GNB,2011,1118,486,1604
GNB,2012,1173,898,2071
GNB,2013,1222,1193,2415
GNB,2014,1306,1759,3065
GNB,2015,1472,1921,3393
GNB,2016,1650,1866,3516
GNB,2017,1870,3502,5372
GNB,2018,2043,2850,4893
GNB,2019,2093,2665,4758
GNB,2020,1638,2713,4351
GNB,2021,2039,2546,4585
GNB,2022,2037,2291,4328
GNB,2023,1859,1381,3240
GNQ,2010,306,72,378
GNQ,2011,261,37,298
GNQ,2012,230,78,308
GNQ,2013,196,60,256
GNQ,2014,168,81,249
GNQ,2015,142,85,227
GNQ,2016,131,100,231
GNQ,2017,127,110,237
GNQ,2018,140,176,316
GNQ,2019,156,166,322
GNQ,2020,145,193,338
GNQ,2021,168,235,403
GNQ,2022,361,243,604
GNQ,2023,389,457,846
GRC,2010,52,36,88
GRC,2011,54,38,92
GRC,2012,48,127,175
GRC,2013,88,100,188
GRC,2014,108,59,167
GRC,2015,111,65,176
GRC,2016,101,76,177
GRC,2017,106,95,201
GRC,2018,107,128,235
GRC,2019,95,133,228
GRC,2020,90,122,212
GRC,2021,87,171,258
GRC,2022,125,194,319
GRC,2023,102,219,321
GRD,2010,344,63,407
GRD,2011,325,45,370
GRD,2012,316,49,365
GRD,2013,330,41,371
GRD,2014,324,52,376
GRD,2015,270,51,321
GRD,2016,100,63,163
GRD,2017,103,62,165
GRD,2018,96,59,155
GRD,2019,80,89,169
GRD,2020,70,81,151
GRD,2021,52,97,149
GRD,2022,51,116,167
GRD,2023,70,123,193
GTM,2010,5675,1023,6698
GTM,2011,6087,1105,7192
GTM,2012,6389,1325,7714
GTM,2013,6620,8435,15055
GTM,2014,7487,15800,23287
GTM,2015,10284,26951,37235
GTM,2016,12549,46222,58771
GTM,2017,16284,72726,89010
GTM,2018,19128,86875,106003
GTM,2019,22770,119521,142291
GTM,2020,24544,146111,170655
GTM,2021,26927,160428,187355
GTM,2022,30259,166901,197160
GTM,2023,34010,176035,210045
GUF,2017,0,11,11
GUF,2018,0,23,23
GUF,2019,0,24,24
GUF,2020,0,27,27
GUF,2021,0,96,96
GUF,2022,11,155,166
GUF,2023,28,396,424
GUY,2010,746,170,916
GUY,2011,768,102,870
GUY,2012,800,73,873
GUY,2013,800,136,936
GUY,2014,700,148,848
GUY,2015,508,223,731
GUY,2016,269,296,565
GUY,2017,260,482,742
GUY,2018,283,551,834
GUY,2019,284,676,960
GUY,2020,267,708,975
GUY,2021,285,856,1141
GUY,2022,250,929,1179
GUY,2023,248,1265,1513
HKG,2010,16,81,97
HKG,2011,14,5,19
HKG,2012,18,64,82
HKG,2013,24,52,76
HKG,2014,25,38,63
HKG,2015,33,80,113
HKG,2016,15,112,127
HKG,2017,11,104,115
HKG,2018,11,22,33
HKG,2019,5,222,227
HKG,2020,15,487,502
HKG,2021,96,816,912
HKG,2022,177,985,1162
HKG,2023,350,683,1033
HND,2010,1300,815,2115
HND,2011,1967,847,2814
HND,2012,2612,804,3416
HND,2013,3299,5292,8591
HND,2014,4157,10136,14293
HND,2015,6847,19456,26303
HND,2016,10509,35198,45707
HND,2017,14424,59782,74206
HND,2018,18857,76526,95383
HND,2019,26351,122480,148831
HND,2020,34456,148935,183391
HND,2021,51687,169994,221681
HND,2022,64785,195584,260369
HND,2023,84363,216873,301236
HRV,2010,65863,345,66208
HRV,2011,62653,743,63396
HRV,2012,62606,1293,63899
HRV,2013,49755,980,50735
HRV,2014,40121,111,40232
HRV,2015,33452,89,33541
HRV,2016,26231,343,26574
HRV,2017,24869,268,25137
HRV,2018,24105,79,24184
HRV,2019,23793,65,23858
HRV,2020,23451,58,23509
HRV,2021,18083,51,18134
HRV,2022,17698,74,17772
HRV,2023,17579,85,17664
HTI,2010,25886,7190,33076
HTI,2011,33652,7463,41115
HTI,2012,38559,2628,41187
HTI,2013,38644,5156,43800
HTI,2014,37147,6721,43868
HTI,2015,34762,9263,44025
HTI,2016,29671,22454,52125
HTI,2017,28424,37018,65442
HTI,2018,27517,40973,68490
HTI,2019,26734,65684,92418
HTI,2020,25649,80225,105874
HTI,2021,29454,135565,165019
HTI,2022,30307,177978,208285
HTI,2023,122139,228443,350582
HUN,2010,1435,3548,4983
HUN,2011,1234,6006,7240
HUN,2012,1085,3731,4816
HUN,2013,1218,1956,3174
HUN,2014,1264,337,1601
HUN,2015,1447,703,2150
HUN,2016,2909,1661,4570
HUN,2017,3336,1656,4992
HUN,2018,3927,804,4731
HUN,2019,4007,671,4678
HUN,2020,4617,602,5219
HUN,2021,4653,608,5261
HUN,2022,1953,1327,3280
HUN,2023,2147,1249,3396
IDN,2010,16882,451,17333
IDN,2011,16069,376,16445
IDN,2012,15514,498,16012
IDN,2013,14775,1117,15892
IDN,2014,14393,1765,16158
IDN,2015,13947,2637,16584
IDN,2016,13056,3581,16637
IDN,2017,12485,5384,17869
IDN,2018,12148,3395,15543
IDN,2019,12039,4323,16362
IDN,2020,13029,4940,17969
IDN,2021,13962,5872,19834
IDN,2022,11761,10017,21778
IDN,2023,11756,13311,25067
IND,2010,17766,3856,21622
IND,2011,16226,4347,20573
IND,2012,14245,6654,20899
IND,2013,11032,12471,23503
IND,2014,10431,16698,27129
IND,2015,9882,24874,34756
IND,2016,7288,27939,35227
IND,2017,7926,40356,48282
IND,2018,9586,51802,61388
IND,2019,11787,65965,77752
IND,2020,12398,69959,82357
IND,2021,14230,78360,92590
IND,2022,20828,100389,121217
IND,2023,25319,142607,167926
IRL,2010,7,0,7
IRL,2011,7,5,12
IRL,2012,7,10,17
IRL,2013,7,32,39
IRL,2014,7,82,89
IRL,2015,5,36,41
IRL,2016,0,42,42
IRL,2017,0,52,52
IRL,2018,0,59,59
IRL,2019,0,90,90
IRL,2020,0,94,94
IRL,2021,5,141,146
IRL,2022,13,189,202
IRL,2023,0,219,219
IRN,2010,68785,16055,84840
IRN,2011,72366,18450,90816
IRN,2012,75932,24043,99975
IRN,2013,75061,28780,103841
IRN,2014,82202,34884,117086
IRN,2015,84950,57081,142031
IRN,2016,94102,87535,181637
IRN,2017,118639,75079,193718
IRN,2018,129941,87367,217308
IRN,2019,128998,86093,215091
IRN,2020,135018,77229,212247
IRN,2021,142994,68940,211934
IRN,2022,122764,69237,192001
IRN,2023,151757,63959,215716
IRQ,2010,1683576,29939,1713515
IRQ,2011,1428306,24485,1452791
IRQ,2012,746204,24239,770443
IRQ,2013,401461,43145,444606
IRQ,2014,369960,103724,473684
IRQ,2015,264086,237168,501254
IRQ,2016,316056,278367,594423
IRQ,2017,362536,272627,635163
IRQ,2018,372332,256716,629048
IRQ,2019,336274,302731,639005
IRQ,2020,333200,272567,605767
IRQ,2021,343899,254454,598353
IRQ,2022,287446,228961,516407
IRQ,2023,329032,192202,521234
ISL,2010,5,0,5
ISL,2013,0,5,5
ISL,2014,0,5,5
ISL,2015,0,5,5
ISL,2016,0,5,5
ISL,2017,5,0,5
ISL,2018,5,5,10
ISL,2019,5,5,10
ISL,2020,5,0,5
ISL,2021,5,7,12
ISL,2022,0,13,13
ISL,2023,0,5,5
ISR,2010,1290,792,2082
ISR,2011,1323,507,1830
ISR,2012,1326,416,1742
ISR,2013,1026,289,1315
ISR,2014,967,282,1249
ISR,2015,787,379,1166
ISR,2016,487,548,1035
ISR,2017,469,691,1160
ISR,2018,492,683,1175
ISR,2019,452,690,1142
ISR,2020,373,663,1036
ISR,2021,453,807,1260
ISR,2022,902,813,1715
ISR,2023,855,1232,2087
ITA,2010,45,52,97
ITA,2011,57,32,89
ITA,2012,65,54,119
ITA,2013,64,77,141
ITA,2014,63,110,173
ITA,2015,69,139,208
ITA,2016,49,132,181
ITA,2017,52,282,334
ITA,2018,69,381,450
ITA,2019,76,431,507
ITA,2020,62,471,533
ITA,2021,61,639,700
ITA,2022,151,670,821
ITA,2023,124,1487,1611
JAM,2010,1055,554,1609
JAM,2011,1248,579,1827
JAM,2012,1404,497,1901
JAM,2013,1501,630,2131
JAM,2014,1682,597,2279
JAM,2015,1857,839,2696
JAM,2016,1998,1134,3132
JAM,2017,2224,1430,3654
JAM,2018,2448,1495,3943
JAM,2019,2529,1798,4327
JAM,2020,2526,1902,4428
JAM,2021,2419,2305,4724
JAM,2022,1858,3345,5203
JAM,2023,2128,7064,9192
JOR,2010,2248,610,2858
JOR,2011,2242,532,2774
JOR,2012,2363,622,2985
JOR,2013,1622,927,2549
JOR,2014,1711,1293,3004
JOR,2015,1836,1829,3665
JOR,2016,1919,2433,4352
JOR,2017,2119,3467,5586
JOR,2018,2430,4119,6549
JOR,2019,2308,4722,7030
JOR,2020,2486,4984,7470
JOR,2021,2981,5795,8776
JOR,2022,3550,5667,9217
JOR,2023,3978,8207,12185
JPN,2010,149,10,159
JPN,2011,176,36,212
JPN,2012,173,37,210
JPN,2013,154,48,202
JPN,2014,257,61,318
JPN,2015,140,68,208
JPN,2016,53,83,136
JPN,2017,44,99,143
JPN,2018,42,114,156
JPN,2019,39,111,150
JPN,2020,40,121,161
JPN,2021,39,134,173
JPN,2022,64,152,216
JPN,2023,48,144,192
KAZ,2010,3631,749,4380
KAZ,2011,3497,747,4244
KAZ,2012,3567,926,4493
KAZ,2013,2114,1147,3261
KAZ,2014,2219,1147,3366
KAZ,2015,2263,1565,3828
KAZ,2016,2366,2225,4591
KAZ,2017,2406,3514,5920
KAZ,2018,2520,5833,8353
KAZ,2019,2757,6982,9739
KAZ,2020,2741,5978,8719
KAZ,2021,3198,5925,9123
KAZ,2022,3666,8182,11848
KAZ,2023,3795,11277,15072
KEN,2010,8585,1649,10234
KEN,2011,8731,1590,10321
KEN,2012,8946,1544,10490
KEN,2013,8580,2192,10772
KEN,2014,8546,2925,11471
KEN,2015,7902,3258,11160
KEN,2016,7526,3556,11082
KEN,2017,7567,5714,13281
KEN,2018,7480,7287,14767
KEN,2019,7705,7879,15584
KEN,2020,7422,8959,16381
KEN,2021,7529,9727,17256
KEN,2022,7595,10209,17804
KEN,2023,8004,15941,23945
KGZ,2010,2748,1560,4308
KGZ,2011,3163,1561,4724
KGZ,2012,3490,1196,4686
KGZ,2013,2299,1289,3588
KGZ,2014,2449,1834,4283
KGZ,2015,2498,2263,4761
KGZ,2016,2571,2368,4939
KGZ,2017,2771,2570,5341
KGZ,2018,2934,2721,5655
KGZ,2019,2963,2593,5556
KGZ,2020,2883,2695,5578
KGZ,2021,3035,2785,5820
KGZ,2022,3297,4412,7709
KGZ,2023,3324,8041,11365
KHM,2010,16308,137,16445
KHM,2011,15201,182,15383
KHM,2012,14016,214,14230
KHM,2013,13738,231,13969
KHM,2014,13066,257,13323
KHM,2015,12802,372,13174
KHM,2016,12428,380,12808
KHM,2017,12238,1578,13816
KHM,2018,12139,749,12888
KHM,2019,11986,846,12832
KHM,2020,11862,916,12778
KHM,2021,12072,893,12965
KHM,2022,11700,978,12678
KHM,2023,11624,959,12583
KIR,2010,31,0,31
KIR,2011,31,5,36
KIR,2012,34,10,44
KIR,2013,21,0,21
KIR,2014,5,0,5
KIR,2015,0,5,5
KIR,2021,0,5,5
KIR,2022,0,30,30
KIR,2023,0,27,27
KNA,2010,10,12,22
KNA,2011,7,14,21
KNA,2012,10,20,30
KNA,2013,12,21,33
KNA,2014,20,7,27
KNA,2015,25,20,45
KNA,2016,49,22,71
KNA,2017,51,18,69
KNA,2018,58,11,69
KNA,2019,57,17,74
KNA,2020,54,18,72
KNA,2021,47,32,79
KNA,2022,22,32,54
KNA,2023,21,59,80
KOR,2010,578,233,811
KOR,2011,508,173,681
KOR,2012,555,183,738
KOR,2013,495,212,707
KOR,2014,478,282,760
KOR,2015,346,252,598
KOR,2016,243,266,509
KOR,2017,239,381,620
KOR,2018,274,536,810
KOR,2019,180,643,823
KOR,2020,146,723,869
KOR,2021,117,893,1010
KOR,2022,132,880,1012
KOR,2023,107,939,1046
KWT,2010,986,81,1067
KWT,2011,1112,164,1276
KWT,2012,1189,135,1324
KWT,2013,971,173,1144
KWT,2014,974,260,1234
KWT,2015,1076,431,1507
KWT,2016,1013,650,1663
KWT,2017,1097,951,2048
KWT,2018,1251,1220,2471
KWT,2019,1300,1402,2702
KWT,2020,1422,1415,2837
KWT,2021,1702,1857,3559
KWT,2022,1981,2898,4879
KWT,2023,2276,2458,4734
LAO,2010,8412,68,8480
LAO,2011,8086,24,8110
LAO,2012,7981,10,7991
LAO,2013,7736,41,7777
LAO,2014,7476,113,7589
LAO,2015,7359,165,7524
LAO,2016,7229,167,7396
LAO,2017,7056,223,7279
LAO,2018,6943,294,7237
LAO,2019,6757,390,7147
LAO,2020,6665,463,7128
LAO,2021,6778,474,7252
LAO,2022,6653,476,7129
LAO,2023,6551,560,7111
LBN,2010,15864,1518,17382
LBN,2011,15004,1384,16388
LBN,2012,15100,1976,17076
LBN,2013,3809,2730,6539
LBN,2014,4262,3833,8095
LBN,2015,4353,5985,10338
LBN,2016,4719,8484,13203
LBN,2017,5301,9285,14586
LBN,2018,5620,8058,13678
LBN,2019,5647,8032,13679
LBN,2020,5495,7964,13459
LBN,2021,6061,8873,14934
LBN,2022,6794,10289,17083
LBN,2023,7392,9793,17185
LBR,2010,70133,1909,72042
LBR,2011,66779,1957,68736
LBR,2012,23428,2021,25449
LBR,2013,17548,1982,19530
LBR,2014,13561,2319,15880
LBR,2015,9972,2414,12386
LBR,2016,6558,2601,9159
LBR,2017,6039,3362,9401
LBR,2018,5508,2986,8494
LBR,2019,5365,2953,8318
LBR,2020,5195,3073,8268
LBR,2021,5384,3090,8474
LBR,2022,5156,3093,8249
LBR,2023,4838,3904,8742
LBY,2010,2297,558,2855
LBY,2011,4372,1954,6326
LBY,2012,5233,1894,7127
LBY,2013,3298,2068,5366
LBY,2014,4187,3886,8073
LBY,2015,6077,6042,12119
LBY,2016,8831,6521,15352
LBY,2017,11205,6842,18047
LBY,2018,13868,6786,20654
LBY,2019,16033,5986,22019
LBY,2020,17523,5440,22963
LBY,2021,19090,5717,24807
LBY,2022,17811,6076,23887
LBY,2023,17958,6054,24012
LCA,2010,334,683,1017
LCA,2011,432,679,1111
LCA,2012,567,517,1084
LCA,2013,711,257,968
LCA,2014,921,35,956
LCA,2015,1011,60,1071
LCA,2016,993,196,1189
LCA,2017,995,178,1173
LCA,2018,1025,65,1090
LCA,2019,843,74,917
LCA,2020,726,83,809
LCA,2021,457,91,548
LCA,2022,94,122,216
LCA,2023,117,231,348
LIE,2019,0,14,14
LIE,2020,0,5,5
LIE,2021,5,5,10
LIE,2022,5,5,10
LKA,2010,141064,8588,149652
LKA,2011,136602,10239,146841
LKA,2012,132720,14018,146738
LKA,2013,123074,16133,139207
LKA,2014,121991,17211,139202
LKA,2015,121427,14782,136209
LKA,2016,117472,15462,132934
LKA,2017,115632,18934,134566
LKA,2018,113955,14517,128472
LKA,2019,110341,16062,126403
LKA,2020,142664,15061,157725
LKA,2021,151112,12209,163321
LKA,2022,148144,15169,163313
LKA,2023,145319,18076,163395
LSO,2010,5,5,10
LSO,2011,5,158,163
LSO,2012,5,279,284
LSO,2013,10,676,686
LSO,2014,16,665,681
LSO,2015,16,1091,1107
LSO,2016,5,698,703
LSO,2017,6,20,26
LSO,2018,6,38,44
LSO,2019,6,49,55
LSO,2020,6,38,44
LSO,2021,6,41,47
LSO,2022,12,24,36
LSO,2023,12,41,53
LTU,2010,508,120,628
LTU,2011,523,111,634
LTU,2012,487,90,577
LTU,2013,217,76,293
LTU,2014,182,57,239
LTU,2015,143,64,207
LTU,2016,74,78,152
LTU,2017,73,95,168
LTU,2018,66,89,155
LTU,2019,61,76,137
LTU,2020,58,78,136
LTU,2021,54,114,168
LTU,2022,77,128,205
LTU,2023,63,122,185
LUX,2018,0,5,5
LUX,2019,5,0,5
LUX,2020,5,0,5
LUX,2022,5,0,5
LUX,2023,5,0,5
LVA,2010,712,177,889
LVA,2011,706,143,849
LVA,2012,662,94,756
LVA,2013,228,66,294
LVA,2014,206,57,263
LVA,2015,187,77,264
LVA,2016,165,96,261
LVA,2017,162,105,267
LVA,2018,152,103,255
LVA,2019,144,98,242
LVA,2020,143,92,235
LVA,2021,122,120,242
LVA,2022,112,172,284
LVA,2023,138,176,314
MAC,2010,8,0,8
MAC,2011,8,0,8
MAC,2013,0,5,5
MAC,2014,5,11,16
MAC,2015,5,25,30
MAC,2016,5,0,5
MAC,2017,0,10,10
MAC,2018,0,25,25
MAC,2019,0,33,33
MAC,2020,0,44,44
MAC,2021,0,34,34
MAC,2022,10,48,58
MAC,2023,15,6,21
MAR,2010,2276,832,3108
MAR,2011,2305,1134,3439
MAR,2012,2394,1759,4153
MAR,2013,1290,2864,4154
MAR,2014,1523,3221,4744
MAR,2015,1760,5575,7335
MAR,2016,2240,7251,9491
MAR,2017,3089,6853,9942
MAR,2018,3873,8163,12036
MAR,2019,4642,8322,12964
MAR,2020,4467,8239,12706
MAR,2021,5385,12632,18017
MAR,2022,10435,18121,28556
MAR,2023,8827,17328,26155
MCO,2011,5,0,5
MCO,2012,5,0,5
MCO,2013,5,0,5
MCO,2014,5,6,11
MCO,2015,5,0,5
MCO,2016,5,0,5
MCO,2017,5,0,5
MCO,2018,5,0,5
MCO,2019,5,0,5
MDA,2010,6204,635,6839
MDA,2011,6261,457,6718
MDA,2012,6148,430,6578
MDA,2013,2210,877,3087
MDA,2014,2230,1440,3670
MDA,2015,2289,3437,5726
MDA,2016,2316,4354,6670
MDA,2017,2339,3418,5757
MDA,2018,2397,4537,6934
MDA,2019,2427,5653,8080
MDA,2020,2206,5510,7716
MDA,2021,2190,6881,9071
MDA,2022,4799,7006,11805
MDA,2023,5343,6410,11753
MDG,2010,266,18,284
MDG,2011,287,11,298
MDG,2012,299,27,326
MDG,2013,298,168,466
MDG,2014,279,200,479
MDG,2015,285,166,451
MDG,2016,292,53,345
MDG,2017,292,73,365
MDG,2018,298,111,409
MDG,2019,298,264,562
MDG,2020,268,338,606
MDG,2021,425,373,798
MDG,2022,494,567,1061
MDG,2023,558,276,834
MDV,2010,16,0,16
MDV,2011,21,0,21
MDV,2012,22,31,53
MDV,2013,30,24,54
MDV,2014,32,5,37
MDV,2015,39,28,67
MDV,2016,58,35,93
MDV,2017,64,34,98
MDV,2018,74,35,109
MDV,2019,75,11,86
MDV,2020,78,23,101
MDV,2021,80,21,101
MDV,2022,82,22,104
MDV,2023,70,27,97
MEX,2010,6809,9956,16765
MEX,2011,7471,5328,12799
MEX,2012,8438,3605,12043
MEX,2013,9396,12267,21663
MEX,2014,10672,29351,40023
MEX,2015,11340,46250,57590
MEX,2016,10387,64256,74643
MEX,2017,11679,85078,96757
MEX,2018,12870,89794,102664
MEX,2019,14621,101654,116275
MEX,2020,15398,111728,127126
MEX,2021,16403,117936,134339
MEX,2022,17635,126428,144063
MEX,2023,21869,156309,178178
MHL,2013,5,5,10
MHL,2014,5,6,11
MHL,2015,5,6,11
MHL,2016,5,0,5
MHL,2017,7,0,7
MHL,2018,7,0,7
MHL,2019,7,0,7
MHL,2020,7,50,57
MHL,2021,7,0,7
MHL,2023,0,5,5
MKD,2010,7880,2842,10722
MKD,2011,7677,2262,9939
MKD,2012,7582,4644,12226
MKD,2013,1622,6681,8303
MKD,2014,1752,7788,9540
MKD,2015,1769,14609,16378
MKD,2016,1730,7054,8784
MKD,2017,1653,4038,5691
MKD,2018,1721,3228,4949
MKD,2019,1784,2526,4310
MKD,2020,1576,1715,3291
MKD,2021,1842,3982,5824
MKD,2022,1862,5185,7047
MKD,2023,1938,4689,6627
MLI,2010,3659,385,4044
MLI,2011,4289,389,4678
MLI,2012,149930,1849,151779
MLI,2013,152812,6529,159341
MLI,2014,139249,12230,151479
MLI,2015,154202,9874,164076
MLI,2016,156415,9702,166117
MLI,2017,150305,15086,165391
MLI,2018,158267,10891,169158
MLI,2019,164466,8582,173048
MLI,2020,164588,11131,175719
MLI,2021,183392,24287,207679
MLI,2022,225726,12360,238086
MLI,2023,249046,14117,263163
MLT,2010,5,0,5
MLT,2011,5,0,5
MLT,2012,5,0,5
MLT,2013,5,0,5
MLT,2015,0,5,5
MLT,2017,0,5,5
MLT,2018,5,10,15
MLT,2019,5,15,20
MLT,2020,5,10,15
MLT,2021,7,5,12
MLT,2022,0,10,10
MLT,2023,0,6,6
MMR,2010,415662,22268,437930
MMR,2011,414615,24101,438716
MMR,2012,415363,25622,440985
MMR,2013,479594,44959,524553
MMR,2014,479006,51339,530345
MMR,2015,451804,60632,512436
MMR,2016,490285,56023,546308
MMR,2017,1156742,41088,1197830
MMR,2018,1145149,30459,1175608
MMR,2019,1076826,37457,1114283
MMR,2020,1103245,40207,1143452
MMR,2021,1177327,43878,1221205
MMR,2022,1251618,48701,1300319
MMR,2023,1283426,54636,1338062
MNE,2010,3243,181,3424
MNE,2011,3699,300,3999
MNE,2012,4052,371,4423
MNE,2013,542,577,1119
MNE,2014,601,1273,1874
MNE,2015,646,3015,3661
MNE,2016,713,1132,1845
MNE,2017,704,770,1474
MNE,2018,715,633,1348
MNE,2019,659,606,1265
MNE,2020,530,634,1164
MNE,2021,623,809,1432
MNE,2022,612,955,1567
MNE,2023,631,1058,1689
MNG,2010,1720,1788,3508
MNG,2011,1982,1443,3425
MNG,2012,2111,941,3052
MNG,2013,2054,1255,3309
MNG,2014,2162,2204,4366
MNG,2015,2198,3529,5727
MNG,2016,2282,3831,6113
MNG,2017,2227,4169,6396
MNG,2018,2249,4389,6638
MNG,2019,2364,4057,6421
MNG,2020,2277,4127,6404
MNG,2021,2508,4673,7181
MNG,2022,2413,4940,7353
MNG,2023,2393,6327,8720
MOZ,2010,120,11,131
MOZ,2011,147,346,493
MOZ,2012,155,865,1020
MOZ,2013,51,1427,1478
MOZ,2014,55,1408,1463
MOZ,2015,55,2193,2248
MOZ,2016,48,5702,5750
MOZ,2017,48,12581,12629
MOZ,2018,57,8977,9034
MOZ,2019,77,8734,8811
MOZ,2020,81,8674,8755
MOZ,2021,90,8720,8810
MOZ,2022,109,8581,8690
MOZ,2023,117,8759,8876
MRT,2010,37721,753,38474
MRT,2011,39919,579,40498
MRT,2012,33747,3028,36775
MRT,2013,34239,3843,38082
MRT,2014,34103,6997,41100
MRT,2015,34656,7474,42130
MRT,2016,36263,7386,43649
MRT,2017,36525,7543,44068
MRT,2018,37050,8121,45171
MRT,2019,37423,8580,46003
MRT,2020,37931,9252,47183
MRT,2021,39279,8705,47984
MRT,2022,36928,8558,45486
MRT,2023,37532,18772,56304
MTQ,2020,0,5,5
MTQ,2023,0,5,5
MUS,2010,25,40,65
MUS,2011,36,107,143
MUS,2012,57,114,171
MUS,2013,72,120,192
MUS,2014,91,151,242
MUS,2015,101,202,303
MUS,2016,106,203,309
MUS,2017,130,229,359
MUS,2018,156,294,450
MUS,2019,178,304,482
MUS,2020,176,338,514
MUS,2021,198,351,549
MUS,2022,208,428,636
MUS,2023,245,549,794
MWI,2010,168,60,228
MWI,2011,216,2963,3179
MWI,2012,273,4543,4816
MWI,2013,323,4265,4588
MWI,2014,356,3891,4247
MWI,2015,429,5672,6101
MWI,2016,427,3752,4179
MWI,2017,434,3154,3588
MWI,2018,472,2800,3272
MWI,2019,514,2570,3084
MWI,2020,514,2168,2682
MWI,2021,513,2018,2531
MWI,2022,499,1169,1668
MWI,2023,531,1656,2187
MYS,2010,550,116,666
MYS,2011,531,136,667
MYS,2012,523,170,693
MYS,2013,478,266,744
MYS,2014,458,948,1406
MYS,2015,435,2823,3258
MYS,2016,453,6163,6616
MYS,2017,540,9478,10018
MYS,2018,817,15037,15854
MYS,2019,906,21259,22165
MYS,2020,1058,21474,22532
MYS,2021,1182,20855,22037
MYS,2022,1359,19764,21123
MYS,2023,999,18810,19809
NAM,2010,1013,345,1358
NAM,2011,1067,1092,2159
NAM,2012,1097,571,1668
NAM,2013,1138,276,1414
NAM,2014,1250,45,1295
NAM,2015,1272,60,1332
NAM,2016,1363,130,1493
NAM,2017,1368,211,1579
NAM,2018,1331,332,1663
NAM,2019,459,756,1215
NAM,2020,457,841,1298
NAM,2021,441,915,1356
NAM,2022,317,1444,1761
NAM,2023,447,1603,2050
NER,2010,794,319,1113
NER,2011,805,290,1095
NER,2012,824,354,1178
NER,2013,674,419,1093
NER,2014,728,535,1263
NER,2015,1383,763,2146
NER,2016,1230,838,2068
NER,2017,1363,2399,3762
NER,2018,2715,2053,4768
NER,2019,3063,2420,5483
NER,2020,18853,4105,22958
NER,2021,21901,2686,24587
NER,2022,21946,2759,24705
NER,2023,24794,15517,40311
NGA,2010,15645,11912,27557
NGA,2011,17140,10519,27659
NGA,2012,18017,14159,32176
NGA,2013,31173,21332,52505
NGA,2014,90936,30075,121011
NGA,2015,167973,51353,219326
NGA,2016,229290,66862,296152
NGA,2017,238977,91924,330901
NGA,2018,276834,84624,361458
NGA,2019,295578,112382,407960
NGA,2020,352960,73233,426193
NGA,2021,383660,83105,466765
NGA,2022,391120,83402,474522
NGA,2023,410308,68852,479160
NIC,2010,1426,154,1580
NIC,2011,1464,138,1602
NIC,2012,1526,121,1647
NIC,2013,1530,507,2037
NIC,2014,1580,718,2298
NIC,2015,1469,1237,2706
NIC,2016,1409,2125,3534
NIC,2017,1467,2722,4189
NIC,2018,1671,32265,33936
NIC,2019,4376,66869,71245
NIC,2020,8701,62085,70786
NIC,2021,11041,164019,175060
NIC,2022,16087,277663,293750
NIC,2023,25483,308032,333515
NIU,2011,7,0,7
NIU,2012,10,0,10
NIU,2013,14,0,14
NIU,2014,18,28,46
NIU,2015,18,18,36
NIU,2016,19,0,19
NIU,2017,19,5,24
NIU,2018,19,5,24
NIU,2019,19,6,25
NIU,2020,18,7,25
NIU,2021,11,0,11
NIU,2022,11,7,18
NIU,2023,6,5,11
NLD,2010,52,21,73
NLD,2011,61,42,103
NLD,2012,69,28,97
NLD,2013,59,25,84
NLD,2014,63,40,103
NLD,2015,64,55,119
NLD,2016,32,42,74
NLD,2017,39,64,103
NLD,2018,41,91,132
NLD,2019,55,102,157
NLD,2020,51,83,134
NLD,2021,58,93,151
NLD,2022,56,140,196
NLD,2023,67,199,266
NOR,2011,5,5,10
NOR,2012,5,5,10
NOR,2013,15,5,20
NOR,2014,15,0,15
NOR,2015,10,5,15
NOR,2016,10,15,25
NOR,2017,15,25,40
NOR,2018,5,11,16
NOR,2019,5,11,16
NOR,2020,5,15,20
NOR,2021,5,23,28
NOR,2022,5,15,20
NOR,2023,17,19,36
NPL,2010,5883,1160,7043
NPL,2011,6845,2004,8849
NPL,2012,7601,2511,10112
NPL,2013,8098,3783,11881
NPL,2014,8542,6644,15186
NPL,2015,9051,8961,18012
NPL,2016,8364,11531,19895
NPL,2017,8415,13186,21601
NPL,2018,8590,9074,17664
NPL,2019,8034,9940,17974
NPL,2020,7483,10309,17792
NPL,2021,7029,11329,18358
NPL,2022,7329,13004,20333
NPL,2023,7229,17206,24435
NRU,2011,0,5,5
NRU,2019,0,15,15
NRU,2020,5,16,21
NRU,2021,5,16,21
NRU,2022,5,19,24
NRU,2023,7,16,23
NZL,2010,11,0,11
NZL,2011,13,6,19
NZL,2012,19,6,25
NZL,2013,15,6,21
NZL,2014,14,13,27
NZL,2015,16,7,23
NZL,2016,25,18,43
NZL,2017,34,27,61
NZL,2018,34,14,48
NZL,2019,34,27,61
NZL,2020,35,32,67
NZL,2021,33,69,102
NZL,2022,48,32,80
NZL,2023,39,28,67
OMN,2010,62,6,68
OMN,2011,58,0,58
OMN,2012,62,0,62
OMN,2013,20,0,20
OMN,2014,25,9,34
OMN,2015,36,16,52
OMN,2016,35,24,59
OMN,2017,39,22,61
OMN,2018,42,28,70
OMN,2019,42,59,101
OMN,2020,47,70,117
OMN,2021,53,71,124
OMN,2022,59,99,158
OMN,2023,95,82,177
PAK,2010,39979,19998,59977
PAK,2011,35948,13679,49627
PAK,2012,49778,23704,73482
PAK,2013,48676,47543,96219
PAK,2014,335947,44419,380366
PAK,2015,297886,63955,361841
PAK,2016,105419,67700,173119
PAK,2017,128914,76885,205799
PAK,2018,132248,75337,207585
PAK,2019,136902,66245,203147
PAK,2020,133280,61429,194709
PAK,2021,132818,56687,189505
PAK,2022,112357,59126,171483
PAK,2023,94481,72068,166549
PAN,2010,94,51,145
PAN,2011,98,31,129
PAN,2012,107,31,138
PAN,2013,99,27,126
PAN,2014,83,28,111
PAN,2015,62,59,121
PAN,2016,33,81,114
PAN,2017,36,126,162
PAN,2018,44,141,185
PAN,2019,45,240,285
PAN,2020,70,315,385
PAN,2021,118,512,630
PAN,2022,140,1017,1157
PAN,2023,233,1891,2124
PER,2010,5834,4764,10598
PER,2011,5488,498,5986
PER,2012,5207,336,5543
PER,2013,4762,696,5458
PER,2014,4333,1029,5362
PER,2015,3591,1530,5121
PER,2016,2599,2290,4889
PER,2017,2588,3497,6085
PER,2018,2579,4895,7474
PER,2019,2765,8669,11434
PER,2020,2834,10583,13417
PER,2021,3521,9046,12567
PER,2022,4021,24294,28315
PER,2023,4724,80153,84877
PHL,2010,963,651,1614
PHL,2011,945,355,1300
PHL,2012,979,377,1356
PHL,2013,718,876,1594
PHL,2014,660,1117,1777
PHL,2015,582,1886,2468
PHL,2016,426,3119,3545
PHL,2017,445,8081,8526
PHL,2018,522,3804,4326
PHL,2019,554,4732,5286
PHL,2020,469,4989,5458
PHL,2021,521,5525,6046
PHL,2022,586,5492,6078
PHL,2023,645,4670,5315
PLW,2013,0,5,5
PLW,2017,0,5,5
PLW,2022,5,0,5
PLW,2023,5,0,5
PNG,2010,87,43,130
PNG,2011,126,46,172
PNG,2012,172,83,255
PNG,2013,219,146,365
PNG,2014,285,213,498
PNG,2015,335,198,533
PNG,2016,401,261,662
PNG,2017,406,372,778
PNG,2018,424,445,869
PNG,2019,475,549,1024
PNG,2020,510,650,1160
PNG,2021,507,636,1143
PNG,2022,610,610,1220
PNG,2023,452,719,1171
POL,2010,1758,153,1911
POL,2011,1811,349,2160
POL,2012,1638,326,1964
POL,2013,1428,274,1702
POL,2014,1306,263,1569
POL,2015,1298,399,1697
POL,2016,1159,565,1724
POL,2017,1123,784,1907
POL,2018,1085,912,1997
POL,2019,961,1016,1977
POL,2020,910,1052,1962
POL,2021,887,1056,1943
POL,2022,971,1044,2015
POL,2023,932,1050,1982
PRI,2023,0,5,5
PRK,2010,915,268,1183
PRK,2011,1046,550,1596
PRK,2012,1126,1023,2149
PRK,2013,1163,940,2103
PRK,2014,1275,233,1508
PRK,2015,1094,223,1317
PRK,2016,1419,526,1945
PRK,2017,1176,587,1763
PRK,2018,797,146,943
PRK,2019,758,112,870
PRK,2020,689,88,777
PRK,2021,528,108,636
PRK,2022,267,127,394
PRK,2023,239,96,335
PRT,2010,29,60,89
PRT,2011,29,67,96
PRT,2012,32,49,81
PRT,2013,27,40,67
PRT,2014,30,34,64
PRT,2015,28,64,92
PRT,2016,20,81,101
PRT,2017,16,171,187
PRT,2018,20,245,265
PRT,2019,25,338,363
PRT,2020,27,360,387
PRT,2021,26,439,465
PRT,2022,55,448,503
PRT,2023,45,979,1024
PRY,2010,86,24,110
PRY,2011,91,22,113
PRY,2012,101,23,124
PRY,2013,91,28,119
PRY,2014,87,34,121
PRY,2015,88,67,155
PRY,2016,68,117,185
PRY,2017,77,175,252
PRY,2018,73,278,351
PRY,2019,84,632,716
PRY,2020,119,868,987
PRY,2021,125,1102,1227
PRY,2022,139,1202,1341
PRY,2023,155,1987,2142
PSE,2010,93312,3194,96506
PSE,2011,94141,1760,95901
PSE,2012,94916,2423,97339
PSE,2013,96035,3336,99371
PSE,2014,97207,3636,100843
PSE,2015,98013,4315,102328
PSE,2016,97794,5980,103774
PSE,2017,99630,8859,108489
PSE,2018,100728,13461,114189
PSE,2019,96253,11537,107790
PSE,2020,100153,12456,112609
PSE,2021,103581,9645,113226
PSE,2022,104307,11295,115602
PSE,2023,41077,12387,53464
QAT,2010,109,7,116
QAT,2011,93,7,100
QAT,2012,123,5,128
QAT,2013,15,0,15
QAT,2014,23,5,28
QAT,2015,21,12,33
QAT,2016,25,23,48
QAT,2017,31,39,70
QAT,2018,30,33,63
QAT,2019,36,36,72
QAT,2020,33,38,71
QAT,2021,47,35,82
QAT,2022,40,128,168
QAT,2023,58,58,116
ROU,2010,3926,308,4234
ROU,2011,3422,465,3887
ROU,2012,2802,610,3412
ROU,2013,2331,1151,3482
ROU,2014,1917,1011,2928
ROU,2015,1731,1377,3108
ROU,2016,1195,2520,3715
ROU,2017,1210,3256,4466
ROU,2018,1155,4253,5408
ROU,2019,1352,3910,5262
ROU,2020,1343,3720,5063
ROU,2021,1417,4452,5869
ROU,2022,3959,6200,10159
ROU,2023,1825,7383,9208
RUS,2010,111944,10468,122412
RUS,2011,109783,11840,121623
RUS,2012,110587,15254,125841
RUS,2013,74310,25961,100271
RUS,2014,70552,24189,94741
RUS,2015,67008,27508,94516
RUS,2016,62759,35366,98125
RUS,2017,61584,38663,100247
RUS,2018,61457,43268,104725
RUS,2019,62353,48282,110635
RUS,2020,52742,44399,97141
RUS,2021,68547,42959,111506
RUS,2022,80093,66373,146466
RUS,2023,86135,114669,200804
RWA,2010,115519,10302,125821
RWA,2011,106832,9255,116087
RWA,2012,97357,10283,107640
RWA,2013,83943,8483,92426
RWA,2014,79396,10000,89396
RWA,2015,286357,10948,297305
RWA,2016,286063,11690,297753
RWA,2017,258986,12801,271787
RWA,2018,247469,13772,261241
RWA,2019,246407,15726,262133
RWA,2020,245781,16648,262429
RWA,2021,248219,23523,271742
RWA,2022,249753,17886,267639
RWA,2023,249955,18297,268252
SAU,2010,659,75,734
SAU,2011,733,103,836
SAU,2012,811,141,952
SAU,2013,575,192,767
SAU,2014,616,380,996
SAU,2015,686,561,1247
SAU,2016,937,987,1924
SAU,2017,1219,1247,2466
SAU,2018,1492,1436,2928
SAU,2019,1721,1410,3131
SAU,2020,2003,1249,3252
SAU,2021,2167,1541,3708
SAU,2022,1942,2537,4479
SAU,2023,2090,1640,3730
SDN,2010,387265,23699,410964
SDN,2011,500004,31447,531451
SDN,2012,568934,21521,590455
SDN,2013,648936,28378,677314
SDN,2014,665956,36027,701983
SDN,2015,627080,42909,669989
SDN,2016,650391,50469,700860
SDN,2017,694556,52191,746747
SDN,2018,724787,67433,792220
SDN,2019,734780,72017,806797
SDN,2020,787823,70049,857872
SDN,2021,825290,75164,900454
SDN,2022,837188,86838,924026
SDN,2023,1496923,253902,1750825
SEN,2010,16255,1522,17777
SEN,2011,17710,926,18636
SEN,2012,18717,2648,21365
SEN,2013,19815,4680,24495
SEN,2014,23110,8717,31827
SEN,2015,21267,14301,35568
SEN,2016,23054,16301,39355
SEN,2017,26584,25181,51765
SEN,2018,18208,17409,35617
SEN,2019,17208,15331,32539
SEN,2020,13986,15786,29772
SEN,2021,15129,17466,32595
SEN,2022,13108,17358,30466
SEN,2023,11924,18780,30704
SGP,2010,74,10,84
SGP,2011,65,18,83
SGP,2012,64,25,89
SGP,2013,61,30,91
SGP,2014,55,31,86
SGP,2015,50,45,95
SGP,2016,38,47,85
SGP,2017,48,55,103
SGP,2018,46,70,116
SGP,2019,39,88,127
SGP,2020,37,74,111
SGP,2021,34,100,134
SGP,2022,33,117,150
SGP,2023,37,229,266
SLB,2010,75,0,75
SLB,2011,72,5,77
SLB,2012,60,5,65
SLB,2013,60,10,70
SLB,2014,70,20,90
SLB,2015,71,37,108
SLB,2016,71,79,150
SLB,2017,57,106,163
SLB,2018,33,145,178
SLB,2019,34,227,261
SLB,2020,37,267,304
SLB,2021,38,314,352
SLB,2022,44,560,604
SLB,2023,36,520,556
SLE,2010,11261,1407,12668
SLE,2011,7985,1204,9189
SLE,2012,6191,2306,8497
SLE,2013,5305,2394,7699
SLE,2014,4988,3151,8139
SLE,2015,4900,3486,8386
SLE,2016,4678,4674,9352
SLE,2017,4496,6236,10732
SLE,2018,4846,7422,12268
SLE,2019,5288,7272,12560
SLE,2020,5734,8384,14118
SLE,2021,6615,5685,12300
SLE,2022,6939,6226,13165
SLE,2023,7445,8160,15605
SLV,2010,4978,1543,6521
SLV,2011,6725,1633,8358
SLV,2012,8173,1646,9819
SLV,2013,9634,11260,20894
SLV,2014,10968,18035,29003
SLV,2015,14778,31450,46228
SLV,2016,19617,62163,81780
SLV,2017,25876,104901,130777
SLV,2018,32562,119271,151833
SLV,2019,41816,136277,178093
SLV,2020,45640,149542,195182
SLV,2021,52041,153246,205287
SLV,2022,58621,148758,207379
SLV,2023,68633,133042,201675
SOM,2010,770141,22811,792952
SOM,2011,1077038,31238,1108276
SOM,2012,1136709,33680,1170389
SOM,2013,1121760,35665,1157425
SOM,2014,1106430,49063,1155493
SOM,2015,1123144,56664,1179808
SOM,2016,1012320,60491,1072811
SOM,2017,986386,58320,1044706
SOM,2018,949637,55852,1005489
SOM,2019,901596,53083,954679
SOM,2020,812356,53824,866180
SOM,2021,776678,59605,836283
SOM,2022,786794,56893,843687
SOM,2023,842044,179224,1021268
SRB,2010,183284,16183,199467
SRB,2011,161664,15401,177065
SRB,2012,158903,16644,175547
SRB,2013,48725,22625,71350
SRB,2014,45730,45573,91303
SRB,2015,38620,53292,91912
SRB,2016,36928,21699,58627
SRB,2017,33246,12807,46053
SRB,2018,32368,9702,42070
SRB,2019,31251,7463,38714
SRB,2020,29976,7105,37081
SRB,2021,31735,6708,38443
SRB,2022,30677,6668,37345
SRB,2023,29807,5781,35588
SSD,2011,0,5,5
SSD,2012,87007,18676,105683
SSD,2013,114468,30675,145143
SSD,2014,616206,3766,619972
SSD,2015,778722,4104,782826
SSD,2016,1436707,5792,1442499
SSD,2017,2439888,6452,2446340
SSD,2018,2285301,12701,2298002
SSD,2019,2234805,5616,2240421
SSD,2020,2188785,4858,2193643
SSD,2021,2362759,5037,2367796
SSD,2022,2295082,5228,2300310
SSD,2023,2292482,24596,2317078
STP,2010,32,0,32
STP,2011,32,0,32
STP,2012,31,0,31
STP,2013,31,0,31
STP,2014,24,5,29
STP,2015,24,10,34
STP,2016,31,8,39
STP,2017,31,23,54
STP,2018,31,25,56
STP,2019,28,29,57
STP,2020,28,23,51
STP,2021,6,25,31
STP,2022,11,23,34
STP,2023,11,24,35
SUR,2010,24,10,34
SUR,2011,22,5,27
SUR,2012,14,18,32
SUR,2013,17,17,34
SUR,2014,17,46,63
SUR,2015,19,49,68
SUR,2016,16,25,41
SUR,2017,17,44,61
SUR,2018,22,57,79
SUR,2019,17,72,89
SUR,2020,17,146,163
SUR,2021,22,118,140
SUR,2022,35,147,182
SUR,2023,42,179,221
SVK,2010,157,424,581
SVK,2011,271,538,809
SVK,2012,231,624,855
SVK,2013,321,399,720
SVK,2014,316,327,643
SVK,2015,325,541,866
SVK,2016,792,580,1372
SVK,2017,913,699,1612
SVK,2018,1218,390,1608
SVK,2019,1343,231,1574
SVK,2020,1368,209,1577
SVK,2021,1426,171,1597
SVK,2022,569,213,782
SVK,2023,628,113,741
SVN,2010,35,15,50
SVN,2011,30,7,37
SVN,2012,32,12,44
SVN,2013,27,11,38
SVN,2014,25,5,30
SVN,2015,21,10,31
SVN,2016,20,12,32
SVN,2017,17,14,31
SVN,2018,19,10,29
SVN,2019,19,15,34
SVN,2020,17,5,22
SVN,2021,17,10,27
SVN,2022,7,31,38
SVN,2023,7,91,98
SWE,2010,23,28,51
SWE,2011,23,18,41
SWE,2012,21,41,62
SWE,2013,18,10,28
SWE,2014,18,10,28
SWE,2015,18,15,33
SWE,2016,13,17,30
SWE,2017,14,18,32
SWE,2018,16,29,45
SWE,2019,13,35,48
SWE,2020,8,35,43
SWE,2021,9,43,52
SWE,2022,23,82,105
SWE,2023,23,175,198
SWZ,2010,32,50,82
SWZ,2011,39,131,170
SWZ,2012,59,166,225
SWZ,2013,103,146,249
SWZ,2014,151,140,291
SWZ,2015,213,159,372
SWZ,2016,224,137,361
SWZ,2017,231,40,271
SWZ,2018,237,48,285
SWZ,2019,224,97,321
SWZ,2020,198,81,279
SWZ,2021,165,80,245
SWZ,2022,127,122,249
SWZ,2023,128,251,379
SYC,2010,47,0,47
SYC,2011,39,0,39
SYC,2012,30,0,30
SYC,2013,24,0,24
SYC,2014,23,12,35
SYC,2015,19,20,39
SYC,2016,10,5,15
SYC,2017,10,5,15
SYC,2018,15,0,15
SYC,2019,15,6,21
SYC,2020,10,5,15
SYC,2021,14,0,14
SYC,2022,9,5,14
SYC,2023,10,13,23
SYR,2010,18451,9739,28190
SYR,2011,19931,14441,34372
SYR,2012,729011,26016,755027
SYR,2013,2468323,41019,2509342
SYR,2014,3887490,79649,3967139
SYR,2015,4873236,245857,5119093
SYR,2016,5524511,184337,5708848
SYR,2017,6310498,147179,6457677
SYR,2018,6654374,139576,6793950
SYR,2019,6615249,118450,6733699
SYR,2020,6702910,107085,6809995
SYR,2021,6848865,139754,6988619
SYR,2022,6559736,156616,6716352
SYR,2023,6355788,182954,6538742
TCA,2011,14,6,20
TCA,2012,14,9,23
TCA,2013,15,5,20
TCA,2014,15,0,15
TCA,2015,14,0,14
TCA,2016,14,5,19
TCA,2017,14,5,19
TCA,2018,14,0,14
TCA,2019,14,0,14
TCA,2020,14,5,19
TCA,2021,14,5,19
TCA,2022,19,11,30
TCA,2023,19,6,25
TCD,2010,53713,2664,56377
TCD,2011,42619,3122,45741
TCD,2012,39674,3758,43432
TCD,2013,48618,3844,52462
TCD,2014,48236,3296,51532
TCD,2015,14921,3267,18188
TCD,2016,14176,3178,17354
TCD,2017,16325,3105,19430
TCD,2018,10895,4401,15296
TCD,2019,11163,5335,16498
TCD,2020,10388,6224,16612
TCD,2021,11771,7572,19343
TCD,2022,12811,7091,19902
TCD,2023,10196,40745,50941
TGO,2010,18308,1023,19331
TGO,2011,17853,2974,20827
TGO,2012,15683,3018,18701
TGO,2013,10301,1508,11809
TGO,2014,9271,1691,10962
TGO,2015,8774,2128,10902
TGO,2016,8296,2645,10941
TGO,2017,8115,3762,11877
TGO,2018,8029,3546,11575
TGO,2019,8034,3380,11414
TGO,2020,7704,3330,11034
TGO,2021,7985,2984,10969
TGO,2022,7871,2889,10760
TGO,2023,7955,8192,16147
THA,2010,351,217,568
THA,2011,365,175,540
THA,2012,378,172,550
THA,2013,220,173,393
THA,2014,223,410,633
THA,2015,209,833,1042
THA,2016,147,950,1097
THA,2017,164,1333,1497
THA,2018,183,2792,2975
THA,2019,173,3531,3704
THA,2020,174,3760,3934
THA,2021,181,3230,3411
THA,2022,210,3203,3413
THA,2023,222,3371,3593
TIB,2010,15081,0,15081
TIB,2011,15065,0,15065
TIB,2012,15000,0,15000
TIB,2013,15065,5,15070
TIB,2014,15066,10,15076
TIB,2015,15069,10,15079
TIB,2016,13536,10,13546
TIB,2017,13531,12,13543
TIB,2018,13527,0,13527
TIB,2019,12555,0,12555
TIB,2020,12561,0,12561
TIB,2021,12593,0,12593
TIB,2022,12555,0,12555
TIB,2023,12575,0,12575
TJK,2010,573,324,897
TJK,2011,604,371,975
TJK,2012,669,445,1114
TJK,2013,657,604,1261
TJK,2014,722,838,1560
TJK,2015,790,1451,2241
TJK,2016,932,3198,4130
TJK,2017,1369,3617,4986
TJK,2018,1695,3192,4887
TJK,2019,1987,2661,4648
TJK,2020,2219,2459,4678
TJK,2021,2412,2023,4435
TJK,2022,2951,3646,6597
TJK,2023,3720,6001,9721
TKM,2010,723,47,770
TKM,2011,711,70,781
TKM,2012,708,125,833
TKM,2013,502,317,819
TKM,2014,470,743,1213
TKM,2015,446,1205,1651
TKM,2016,371,1069,1440
TKM,2017,365,1115,1480
TKM,2018,457,1264,1721
TKM,2019,478,576,1054
TKM,2020,498,585,1083
TKM,2021,563,722,1285
TKM,2022,2240,863,3103
TKM,2023,1848,1833,3681
TLS,2010,8,0,8
TLS,2011,8,0,8
TLS,2012,8,6,14
TLS,2013,8,10,18
TLS,2014,13,7,20
TLS,2015,19,5,24
TLS,2016,19,0,19
TLS,2017,13,5,18
TLS,2018,12,10,22
TLS,2019,17,41,58
TLS,2020,11,324,335
TLS,2021,11,368,379
TLS,2022,6,690,696
TLS,2023,0,1085,1085
TON,2010,5,10,15
TON,2011,7,21,28
TON,2012,11,39,50
TON,2013,16,61,77
TON,2014,19,82,101
TON,2015,22,62,84
TON,2016,25,77,102
TON,2017,34,106,140
TON,2018,32,170,202
TON,2019,32,419,451
TON,2020,31,731,762
TON,2021,28,816,844
TON,2022,30,1308,1338
TON,2023,41,1327,1368
TTO,2010,252,146,398
TTO,2011,296,103,399
TTO,2012,335,90,425
TTO,2013,336,127,463
TTO,2014,371,173,544
TTO,2015,369,195,564
TTO,2016,295,241,536
TTO,2017,310,303,613
TTO,2018,323,305,628
TTO,2019,307,408,715
TTO,2020,295,414,709
TTO,2021,285,508,793
TTO,2022,296,627,923
TTO,2023,351,819,1170
TUN,2010,2159,537,2696
TUN,2011,1930,1598,3528
TUN,2012,1918,2279,4197
TUN,2013,1359,1785,3144
TUN,2014,1476,1782,3258
TUN,2015,1554,2329,3883
TUN,2016,1687,2062,3749
TUN,2017,1826,2330,4156
TUN,2018,1985,2749,4734
TUN,2019,2068,2668,4736
TUN,2020,1636,2829,4465
TUN,2021,2201,4012,6213
TUN,2022,2691,7923,10614
TUN,2023,2800,9194,11994
TUR,2010,146785,7493,154278
TUR,2011,139763,6885,146648
TUR,2012,135353,8857,144210
TUR,2013,66558,10552,77110
TUR,2014,63882,11189,75071
TUR,2015,59545,12073,71618
TUR,2016,57915,23236,81151
TUR,2017,61383,33801,95184
TUR,2018,68900,42915,111815
TUR,2019,83239,46941,130180
TUR,2020,93730,44517,138247
TUR,2021,105019,46327,151346
TUR,2022,93537,82737,176274
TUR,2023,127738,153142,280880
TUV,2012,0,5,5
TUV,2023,0,5,5
TZA,2010,1135,194,1329
TZA,2011,1154,553,1707
TZA,2012,1109,807,1916
TZA,2013,1033,1017,2050
TZA,2014,843,1056,1899
TZA,2015,810,1577,2387
TZA,2016,579,1215,1794
TZA,2017,655,1455,2110
TZA,2018,723,1659,2382
TZA,2019,695,1963,2658
TZA,2020,689,1900,2589
TZA,2021,752,1841,2593
TZA,2022,790,1916,2706
TZA,2023,935,2954,3889
UGA,2010,6421,929,7350
UGA,2011,5658,1970,7628
UGA,2012,5588,3076,8664
UGA,2013,8166,3754,11920
UGA,2014,7177,4748,11925
UGA,2015,6311,6426,12737
UGA,2016,6229,5328,11557
UGA,2017,6409,10156,16565
UGA,2018,7034,10956,17990
UGA,2019,7301,11433,18734
UGA,2020,7442,11742,19184
UGA,2021,7887,11824,19711
UGA,2022,7572,11833,19405
UGA,2023,8376,14989,23365
UKR,2010,25102,1250,26352
UKR,2011,25372,1039,26411
UKR,2012,25248,1209,26457
UKR,2013,5154,1631,6785
UKR,2014,237617,15085,252702
UKR,2015,321399,22350,343749
UKR,2016,239062,34638,273700
UKR,2017,139581,37670,177251
UKR,2018,93248,31965,125213
UKR,2019,59844,27991,87835
UKR,2020,35156,21426,56582
UKR,2021,27562,19426,46988
UKR,2022,5684177,34637,5718814
UKR,2023,5960362,33988,5994350
UNK,2010,167115,271557,438672
UNK,2011,145045,283844,428889
UNK,2012,132803,226457,359260
UNK,2013,107203,158920,266123
UNK,2014,101138,455851,556989
UNK,2015,120122,1047315,1167437
UNK,2016,138787,216805,355592
UNK,2017,202190,34577,236767
UNK,2018,216540,65554,282094
UNK,2019,183117,122408,305525
UNK,2020,184067,108800,292867
UNK,2021,100632,53367,153999
UNK,2022,100167,50027,150194
UNK,2023,179252,95550,274802
URY,2010,185,49,234
URY,2011,183,41,224
URY,2012,168,33,201
URY,2013,144,22,166
URY,2014,119,42,161
URY,2015,84,62,146
URY,2016,23,103,126
URY,2017,12,174,186
URY,2018,7,203,210
URY,2019,15,311,326
URY,2020,15,435,450
URY,2021,45,648,693
URY,2022,82,578,660
URY,2023,93,818,911
USA,2010,3019,866,3885
USA,2011,3775,591,4366
USA,2012,4454,417,4871
USA,2013,4755,283,5038
USA,2014,4980,164,5144
USA,2015,4824,245,5069
USA,2016,302,286,588
USA,2017,310,2196,2506
USA,2018,332,2834,3166
USA,2019,297,2940,3237
USA,2020,349,2491,2840
USA,2021,426,1662,2088
USA,2022,1327,2115,3442
USA,2023,1229,2051,3280
UZB,2010,8841,1612,10453
UZB,2011,12667,1503,14170
UZB,2012,11593,1429,13022
UZB,2013,4953,1776,6729
UZB,2014,4790,1975,6765
UZB,2015,4197,2659,6856
UZB,2016,3824,3087,6911
UZB,2017,3405,3541,6946
UZB,2018,3276,4606,7882
UZB,2019,3217,5002,8219
UZB,2020,3112,5171,8283
UZB,2021,3014,4946,7960
UZB,2022,4347,8720,13067
UZB,2023,4440,17459,21899
VAT,2019,0,5,5
VAT,2020,0,12,12
VAT,2021,0,12,12
VAT,2022,0,17,17
VCT,2010,946,1047,1993
VCT,2011,1126,905,2031
VCT,2012,1315,486,1801
VCT,2013,1535,223,1758
VCT,2014,1736,45,1781
VCT,2015,1823,43,1866
VCT,2016,1335,131,1466
VCT,2017,1311,136,1447
VCT,2018,1258,56,1314
VCT,2019,979,77,1056
VCT,2020,742,38,780
VCT,2021,467,85,552
VCT,2022,136,120,256
VCT,2023,157,165,322
VEN,2010,6697,626,7323
VEN,2011,7575,570,8145
VEN,2012,8204,496,8700
VEN,2013,8396,1154,9550
VEN,2014,8009,4822,12831
VEN,2015,7455,15087,22542
VEN,2016,7543,45074,52617
VEN,2017,9272,148096,157368
VEN,2018,21047,464223,485270
VEN,2019,93239,794491,887730
VEN,2020,171112,851265,1022377
VEN,2021,199202,971106,1170308
VEN,2022,230393,1137162,1367555
VEN,2023,347695,1200130,1547825
VGB,2021,20,0,20
VGB,2022,20,0,20
VGB,2023,0,5,5
VNM,2010,338707,1123,339830
VNM,2011,337828,1304,339132
VNM,2012,336936,1394,338330
VNM,2013,314109,1999,316108
VNM,2014,313420,3132,316552
VNM,2015,313152,4373,317525
VNM,2016,329341,4538,333879
VNM,2017,334064,7115,341179
VNM,2018,334464,5571,340035
VNM,2019,316441,8095,324536
VNM,2020,316728,9440,326168
VNM,2021,317737,10345,328082
VNM,2022,17507,10627,28134
VNM,2023,18339,13179,31518
VUT,2017,0,14,14
VUT,2018,0,52,52
VUT,2019,0,75,75
VUT,2020,0,158,158
VUT,2021,0,172,172
VUT,2022,5,705,710
VUT,2023,5,725,730
WSM,2012,0,11,11
WSM,2013,0,7,7
WSM,2014,0,7,7
WSM,2015,0,9,9
WSM,2016,0,10,10
WSM,2017,0,11,11
WSM,2018,0,42,42
WSM,2019,0,84,84
WSM,2020,0,133,133
WSM,2021,5,160,165
WSM,2022,8,395,403
WSM,2023,16,375,391
XXA,2010,16914,4149,21063
XXA,2011,18170,2241,20411
XXA,2012,19668,3212,22880
XXA,2013,20198,5638,25836
XXA,2014,27907,10532,38439
XXA,2015,37415,18601,56016
XXA,2016,48687,10745,59432
XXA,2017,53352,8890,62242
XXA,2018,55765,7090,62855
XXA,2019,68784,7258,76042
XXA,2020,53725,5565,59290
XXA,2021,56534,5191,61725
XXA,2022,54102,5803,59905
XXA,2023,51912,5344,57256
YEM,2010,2070,614,2684
YEM,2011,2321,1152,3473
YEM,2012,2582,1581,4163
YEM,2013,2413,1868,4281
YEM,2014,2623,2716,5339
YEM,2015,15901,10056,25957
YEM,2016,18427,15870,34297
YEM,2017,23555,24629,48184
YEM,2018,31145,35876,67021
YEM,2019,36522,34328,70850
YEM,2020,32433,34870,67303
YEM,2021,37615,35462,73077
YEM,2022,40147,33524,73671
YEM,2023,48044,33521,81565
ZAF,2010,374,210,584
ZAF,2011,422,200,622
ZAF,2012,413,221,634
ZAF,2013,424,352,776
ZAF,2014,422,531,953
ZAF,2015,447,844,1291
ZAF,2016,452,1075,1527
ZAF,2017,461,1608,2069
ZAF,2018,482,2399,2881
ZAF,2019,441,2839,3280
ZAF,2020,474,3230,3704
ZAF,2021,643,3556,4199
ZAF,2022,784,3474,4258
ZAF,2023,919,4163,5082
ZMB,2010,221,42,263
ZMB,2011,234,182,416
ZMB,2012,240,244,484
ZMB,2013,230,294,524
ZMB,2014,309,293,602
ZMB,2015,334,427,761
ZMB,2016,256,294,550
ZMB,2017,260,164,424
ZMB,2018,266,254,520
ZMB,2019,259,459,718
ZMB,2020,252,475,727
ZMB,2021,255,489,744
ZMB,2022,296,471,767
ZMB,2023,324,628,952
ZWE,2010,24080,1001,25081
ZWE,2011,25033,36685,61718
ZWE,2012,22082,41723,63805
ZWE,2013,19719,41822,61541
ZWE,2014,22478,42419,64897
ZWE,2015,21332,57376,78708
ZWE,2016,18141,43191,61332
ZWE,2017,17420,21760,39180
ZWE,2018,15618,17121,32739
ZWE,2019,10045,16177,26222
ZWE,2020,8575,14614,23189
ZWE,2021,8115,13513,21628
ZWE,2022,7017,7478,14495
ZWE,2023,7460,9125,16585
