country_code,year,inflation_pct
ABW,2010,2.07814071860786
AFE,2010,5.53753791645676
AFG,2010,2.17853752389418
AFW,2010,1.78484420477113
AGO,2010,14.4696564932576
ALB,2010,3.62710091517479
ARE,2010,0.877983288285867
ARM,2010,8.17636138473951
ATG,2010,3.37002540220147
AUS,2010,2.9183370211222
AUT,2010,1.81353438995061
AZE,2010,5.72687224669605
BDI,2010,6.49326591473993
BEL,2010,2.18929920422458
BEN,2010,2.20783532536523
BFA,2010,-0.764230734676768
BGD,2010,8.12667639169917
BGR,2010,2.43899060504117
BHR,2010,1.96188468334623
BHS,2010,1.34402738392835
BIH,2010,1.99621236745886
BLR,2010,7.735748043125
BLZ,2010,0.917977378808887
BOL,2010,2.5032760584424
BRA,2010,5.03872690108074
BRB,2010,5.82421853311866
BRN,2010,0.35686913201756
BTN,2010,7.03638316073018
BWA,2010,6.94887658743103
CAF,2010,1.49102370047802
CAN,2010,1.77687154092627
CHE,2010,0.688238707219974
CHL,2010,1.4107110795432
CHN,2010,3.17532475269199
CIV,2010,1.22645612135479
CMR,2010,1.27538046242338
COD,2010,7.10000000000037
COG,2010,0.391525011227612
COL,2010,2.27200227892008
COM,2010,3.35475770328919
CPV,2010,2.07866470906423
CRI,2010,5.66275708420021
CUW,2010,2.77944261312586
CYM,2010,0.276140861750108
CYP,2010,2.43004084102254
CZE,2010,1.47272727272728
DEU,2010,1.1038103778926
DJI,2010,3.95007875923886
DMA,2010,2.99936630549
DNK,2010,2.31092436974786
DOM,2010,6.32993220146146
DZA,2010,3.91106195534028
ECU,2010,3.55437734567842
EGY,2010,11.2651882653185
ESP,2010,1.79986457728768
EST,2010,2.97204512015693
ETH,2010,8.14926402965082
FIN,2010,1.18413523154646
FJI,2010,3.6890122967076
FRA,2010,1.53112270420918
FSM,2010,3.31370963136217
GAB,2010,1.46154402720469
GBR,2010,2.49265472467065
GEO,2010,7.11017897486099
GHA,2010,10.7333898354915
GIN,2010,15.0502688559001
GMB,2010,5.04968075857402
GNB,2010,2.51785140171701
GNQ,2010,7.78916547991184
GRC,2010,4.71298907760395
GRD,2010,3.43650905943351
GTM,2010,3.8595090983316
GUY,2010,3.73337757704246
HKG,2010,2.29289088604673
HND,2010,4.69889064976226
HRV,2010,1.03055505333574
HTI,2010,4.82734190074673
HUN,2010,4.85555795691956
IDN,2010,5.13420639015885
IND,2010,11.9893899204244
IRL,2010,-0.918388645376774
IRN,2010,10.0893629287979
IRQ,2010,2.8777472527476
ISL,2010,5.39673113167477
ISR,2010,2.70270270270273
ITA,2010,1.52551602118248
JAM,2010,12.6105519975603
JOR,2010,4.84551875852116
JPN,2010,-0.728243207517779
KAZ,2010,7.40046356341396
KEN,2010,3.96138889115385
KGZ,2010,7.96772225579684
KHM,2010,3.99639528107218
KIR,2010,-3.89955040651649
KNA,2010,0.850878649795844
KOR,2010,2.93928652655686
KWT,2010,4.49640287769787
LAO,2010,5.98254521550082
LBN,2010,3.98347941855833
LBR,2010,7.28992796890218
LBY,2010,2.79989500109268
LCA,2010,3.25034409180129
LKA,2010,6.2176488930462
LSO,2010,-2.40524254598706
LTU,2010,1.31921362055463
LUX,2010,2.2736791162154
LVA,2010,-1.08463595015155
MAC,2010,2.80947242060843
MAR,2010,0.993557401226392
MDA,2010,7.48385086350851
MDG,2010,9.24732173644116
MDV,2010,6.14988536750173
MEX,2010,4.15672722680174
MKD,2010,1.50997522027613
MLI,2010,1.10892690670186
MLT,2010,1.51563513618532
MMR,2010,7.71838195873614
MNE,2010,0.654946570148479
MNG,2010,10.0462065881651
MOZ,2010,12.4255421735156
MRT,2010,6.28354087427704
MUS,2010,2.93236301369857
MWI,2010,7.41159092883827
MYS,2010,1.62285235577035
NAM,2010,4.8749198764395
NER,2010,0.804073080882659
NGA,2010,13.7400521363694
NIC,2010,5.45513425887423
NLD,2010,1.27530569556679
NOR,2010,2.41890639481003
NPL,2010,9.32650410745395
NZL,2010,2.30202385958572
OMN,2010,3.25657959078624
PAK,2010,12.9388705634889
PAN,2010,3.491288726188
PER,2010,1.52832059732901
PHL,2010,3.78983634797591
PLW,2010,1.44219017355169
PNG,2010,6.01360893567856
POL,2010,2.58069370250548
PRT,2010,1.40257289895369
PRY,2010,4.65116279069765
PSE,2010,3.74915727597096
QAT,2010,-2.42525675161714
ROU,2010,6.09141668601891
RUS,2010,6.84939230255025
RWA,2010,-0.246128693436934
SAU,2010,5.33941733020905
SDN,2010,12.9776663898014
SEN,2010,1.22868119673344
SGP,2010,2.82884527612958
SLB,2010,1.05148163321038
SLE,2010,7.18566275668163
SLV,2010,1.17933576873673
SMR,2010,2.58541815582587
SRB,2010,6.14255360247248
SSD,2010,1.16962180301108
STP,2010,13.34005235378
SUR,2010,6.94108221639996
SVK,2010,0.957018132975143
SVN,2010,1.80117022137134
SWE,2010,1.15798802715626
SWZ,2010,4.50923691774369
SXM,2010,1.33857621672882
SYC,2010,-2.40463875108227
SYR,2010,4.3974138315007
TCD,2010,-2.07786574641866
TGO,2010,1.44594517430864
THA,2010,3.24758842443723
TJK,2010,6.44531440780658
TLS,2010,6.76597680236481
TON,2010,3.53491239189831
TTO,2010,10.5492003179988
TUN,2010,3.33897963601069
TUR,2010,8.56644420552976
TZA,2010,6.20015595647403
UGA,2010,3.97655288478168
UKR,2010,9.37293105078978
URY,2010,6.69870886978132
USA,2010,1.6400434423899
VCT,2010,0.747109026311474
VEN,2010,28.1874647092039
VNM,2010,9.20746648778413
VUT,2010,2.76269469477348
WSM,2010,0.777007268777692
XKX,2010,3.48050763735842
YEM,2010,11.1748338605044
ZAF,2010,4.06749555950263
ZMB,2010,8.50176133365265
ZWE,2010,3.02267002518892
ABW,2011,4.31629742195203
AFE,2011,8.97120640995788
AFG,2011,11.8041858089129
AFW,2011,4.01869907534491
AGO,2011,13.4824679218511
ALB,2011,3.42807130141501
ARE,2011,0.87734659568512
ARM,2011,7.65000807859294
ATG,2011,3.4567496723461
AUS,2011,3.30384784681081
AUT,2011,3.2865791487538
AZE,2011,7.8583333333334
BDI,2011,9.5921660597967
BEL,2011,3.5320821072274
BEN,2011,2.7042390774728
BFA,2011,2.75976724854534
BGD,2011,11.3951651552399
BGR,2011,4.21990346601872
BHR,2011,-0.40004069748808
BHS,2011,3.1987814166032
BIH,2011,3.67125
BLR,2011,53.2286983118174
BLZ,2011,1.602056156402
BOL,2011,9.88446419823883
BRA,2011,6.6364496221309
BRB,2011,9.4322024017722
BRN,2011,0.13791156316954
BTN,2011,8.848985699468
BWA,2011,8.45987233408583
CAF,2011,1.1944757244985
CAN,2011,2.91213508872351
CHE,2011,0.2313492076509
CHL,2011,3.34121694259302
CHN,2011,5.55389892257493
CIV,2011,4.9124339505245
CMR,2011,2.93969946305091
COD,2011,15.316515913949
COG,2011,1.75958704273803
COL,2011,3.4150334477625
COM,2011,1.8426630075619
CPV,2011,4.47388342165023
CRI,2011,4.87799830970702
CUW,2011,2.3325315256217
CYM,2011,1.32543575779664
CYP,2011,3.28944939564211
CZE,2011,1.9172191363555
DEU,2011,2.07517283735874
DJI,2011,5.0687139477798
DMA,2011,1.1312313652648
DNK,2011,2.7586822605125
DOM,2011,5.79676809206533
DZA,2011,4.5242115050527
ECU,2011,4.4745326579584
EGY,2011,10.0649259874818
ESP,2011,3.1961018883379
EST,2011,4.9819013145361
ETH,2011,33.2499598823344
FIN,2011,3.41680754255211
FJI,2011,7.278117827085
FRA,2011,2.11159795175
FSM,2011,5.08259403890371
GAB,2011,1.26331707837421
GBR,2011,3.8561124468282
GEO,2011,8.5429333333333
GHA,2011,8.7284593709302
GIN,2011,21.3169268542577
GMB,2011,4.7958826618311
GNB,2011,5.046102263202
GNQ,2011,4.805389221557
GRC,2011,3.3298532335065
GRD,2011,3.0334728033474
GTM,2011,6.214123930671
GUY,2011,4.9777356370697
HKG,2011,5.3052489299392
HND,2011,6.7622795731476
HRV,2011,2.2727272727273
HTI,2011,6.33279483849042
HUN,2011,3.9299209893507
IDN,2011,5.35604849112582
IND,2011,8.91179336483371
IRL,2011,2.5489783020855
IRN,2011,26.2933856738608
IRQ,2011,5.801455370853
ISL,2011,4.0010266434312
ISR,2011,3.48837209302323
ITA,2011,2.78063272879323
JAM,2011,7.555856465809
JOR,2011,4.1624416292779
JPN,2011,-0.27245561610124
KAZ,2011,8.4529046617679
KEN,2011,14.0224913014704
KGZ,2011,16.6363262731495
KHM,2011,5.4784474961745
KIR,2011,1.4974097987597
KNA,2011,5.8351651957086
KOR,2011,4.0259650043609
KWT,2011,4.8394034987095
LAO,2011,7.5689885610998
LBN,2011,4.97148571692384
LBR,2011,8.488167518494
LBY,2011,15.5184815317561
LCA,2011,2.76940794144093
LKA,2011,6.7167684358854
LSO,2011,5.0366305210156
LTU,2011,4.13027562645085
LUX,2011,3.41068341068342
LVA,2011,4.37073559939223
MAC,2011,5.80624616691043
MAR,2011,0.9069249096918
MDA,2011,7.6872510335619
MDG,2011,9.48254048582992
MDV,2011,11.2734146055937
MEX,2011,3.40737824605742
MKD,2011,3.9047542206974
MLI,2011,2.95564395229392
MLT,2011,2.9629852819288
MMR,2011,5.0214601462073
MNE,2011,3.4501431124869
MNG,2011,8.41121495327101
MOZ,2011,11.1666056127874
MRT,2011,5.68631959575954
MUS,2011,6.52249254869341
MWI,2011,7.6228226284852
MYS,2011,3.1744709215131
NAM,2011,5.005595180812
NCL,2011,2.42899693753383
NER,2011,2.9423851401332
NGA,2011,10.8261371880017
NIC,2011,8.082387980991
NLD,2011,2.34107017751373
NOR,2011,1.2849515880916
NPL,2011,9.2270754612596
NRU,2011,0.3003003003003
NZL,2011,4.0279066739204
OMN,2011,4.0421886711639
PAK,2011,11.9160927116277
PAN,2011,5.8758024367877
PER,2011,3.36931095333853
PHL,2011,4.7184170471842
PLW,2011,4.6746987951807
PNG,2011,4.44083401028971
POL,2011,4.23940149625932
PRT,2011,3.65301100430724
PRY,2011,8.2539682539683
PSE,2011,2.8772435849594
QAT,2011,1.13836623529202
ROU,2011,5.7892532881588
RUS,2011,8.4404648593257
RWA,2011,3.0801706924026
SAU,2011,5.8262163739404
SDN,2011,18.0966171221351
SEN,2011,3.40322829786971
SGP,2011,5.25115624639373
SLB,2011,7.34270706018
SLE,2011,6.79138291952621
SLV,2011,5.1289237668161
SMR,2011,2.89979584300123
SRB,2011,11.1373976342129
SSD,2011,46.8521757193597
STP,2011,14.3271667616801
SUR,2011,17.7117796414558
SVK,2011,3.9192859914629
SVN,2011,1.8028517194191
SWE,2011,2.9611507382214
SWZ,2011,6.10742714590251
SXM,2011,4.58475435650401
SYC,2011,2.55926772230953
SYR,2011,4.7531638888563
TCD,2011,2.0292405367826
TGO,2011,3.5635147290396
THA,2011,3.80879058139634
TJK,2011,12.4315490430406
TLS,2011,13.499840238577
TON,2011,6.27075302995691
TTO,2011,5.1071328926456
TUN,2011,3.24002842009531
TUR,2011,6.471879671151
TUV,2011,0.5005807431527
TZA,2011,12.6909694699162
UGA,2011,16.5643496174515
UKR,2011,7.95572466274652
URY,2011,8.0928320630299
USA,2011,3.156841568622
UZB,2011,13.7797446476602
VCT,2011,3.1860311155246
VEN,2011,26.0902123160959
VNM,2011,18.6777322770707
VUT,2011,0.8737931047811
WSM,2011,5.23541591478434
XKX,2011,7.3364177131527
YEM,2011,19.5435617131144
ZAF,2011,5.0008533879502
ZMB,2011,6.4293968107234
ZWE,2011,3.4661297281749
ABW,2012,0.627471992893372
AFE,2012,9.15870843167905
AFG,2012,6.44121280934117
AFW,2012,4.57837463515948
AGO,2012,10.2779049218839
ALB,2012,2.03159268395296
ARE,2012,0.662268900269008
ARM,2012,2.55802007757907
ATG,2012,3.37688044338874
AUS,2012,1.76278299052228
AUT,2012,2.48567562177014
AZE,2012,1.06621339720302
BDI,2012,18.161045306545
BEL,2012,2.83966343445899
BEN,2012,6.74468253340712
BFA,2012,3.8181524025238
BGD,2012,6.21750422069283
BGR,2012,2.95456829831012
BHR,2012,2.75739669962979
BHS,2012,1.97336755976254
BIH,2012,2.05267452001717
BLR,2012,59.2197360232518
BLZ,2012,1.30058074547858
BOL,2012,4.51560291399375
BRA,2012,5.40349914036997
BRB,2012,4.53334753888774
BRN,2012,0.111766261400306
BTN,2012,10.919656944683
BWA,2012,7.53690261091916
CAF,2012,5.47829594346117
CAN,2012,1.51567823124516
CHE,2012,-0.692552018105163
CHL,2012,3.00744840213047
CHN,2012,2.6195243264554
CIV,2012,1.30451119915606
CMR,2012,2.73529677529539
COD,2012,9.72182806273364
COG,2012,5.01018773134471
COL,2012,3.16930188840055
COM,2012,6.31474450315177
CPV,2012,2.54039644167108
CRI,2012,4.49545314354605
CUW,2012,3.18398746349454
CYM,2012,1.18894845245607
CYP,2012,2.38905410042316
CZE,2012,3.28762306610411
DEU,2012,2.00848884782956
DJI,2012,3.73120950756887
DMA,2012,1.35677147808859
DNK,2012,2.3979148566464
DOM,2012,3.69449707884776
DZA,2012,8.89145091062317
ECU,2012,5.10172180958665
EGY,2012,7.11172943343082
ESP,2012,2.44612782366808
EST,2012,3.93339987296985
ETH,2012,23.600417677317
FIN,2012,2.80833622561573
FJI,2012,3.42337523401979
FRA,2012,1.95419531613509
FSM,2012,5.01850353045616
GAB,2012,2.65241828695626
GBR,2012,2.5732347965453
GEO,2012,-0.943658853270964
GHA,2012,11.1863409441067
GIN,2012,15.2262941038638
GMB,2012,4.25432199813899
GNB,2012,2.13054580274503
GNQ,2012,3.65662048278806
GRC,2012,1.50152696177758
GRD,2012,2.41077704021862
GTM,2012,3.78180754679678
GUY,2012,2.39193521312334
HKG,2012,4.05390950903844
HND,2012,5.19618615531848
HRV,2012,3.41207349081358
HTI,2012,5.01804155429246
HUN,2012,5.65214517088646
IDN,2012,4.2795142691943
IND,2012,9.47899691419801
IRL,2012,1.69474116680366
IRN,2012,27.2568127242908
IRQ,2012,6.08909641595043
ISL,2012,5.18589988750698
ISR,2012,1.67553715750052
ITA,2012,3.04136333226775
JAM,2012,6.87397708674309
JOR,2012,4.5152295667099
JPN,2012,-0.0440645104432602
KAZ,2012,5.19568369035073
KEN,2012,9.37777003547598
KGZ,2012,2.76844236540957
KHM,2012,2.93431609293951
KIR,2012,-3.04586292775571
KNA,2012,0.816089281562459
KOR,2012,2.18707104433314
KWT,2012,3.25514600287211
LAO,2012,4.2551267783209
LBN,2012,6.58147447683677
LBR,2012,6.83178703418548
LBY,2012,6.05980392156864
LCA,2012,4.17763587102515
LKA,2012,7.54291373239437
LSO,2012,6.05143662139967
LTU,2012,3.08998277055417
LUX,2012,2.66284165508021
LVA,2012,2.25778924374585
MAC,2012,6.10738928336549
MAR,2012,1.28712240079219
MDA,2012,4.54633427355302
MDG,2012,5.71384434191053
MDV,2012,10.884695658563
MEX,2012,4.11150981070289
MKD,2012,3.31605566687647
MLI,2012,5.32312847064058
MLT,2012,2.37582057760386
MMR,2012,1.46758322674679
MNE,2012,4.14524724981119
MNG,2012,14.3303348325838
MOZ,2012,2.60245456956618
MRT,2012,4.90242727217997
MUS,2012,3.85216033315983
MWI,2012,21.2712650013779
MYS,2012,1.66357102479206
NAM,2012,6.72199777334886
NCL,2012,1.74967234600262
NER,2012,0.455089820359289
NGA,2012,12.2242413020584
NIC,2012,7.1935505333896
NLD,2012,2.45554765291614
NOR,2012,0.696864111498263
NPL,2012,9.45980980357125
NRU,2012,-0.124750499001971
NZL,2012,1.05991318445632
OMN,2012,2.94773495257209
PAK,2012,9.68235186055684
PAN,2012,5.69819959165992
PER,2012,3.61121294940163
PHL,2012,3.02696391124796
PLW,2012,3.61418047882138
PNG,2012,4.53720508166972
POL,2012,3.56037151702793
PRT,2012,2.77333854051586
PRY,2012,3.67591897974496
PSE,2012,2.77908768282492
QAT,2012,2.31534853431661
ROU,2012,3.33492267693442
RUS,2012,5.07474300799149
RWA,2012,10.2710182318876
SAU,2012,2.86627029905053
SDN,2012,35.5590574147024
SEN,2012,1.41822871177854
SGP,2012,4.58084479423094
SLB,2012,5.91200602491155
SLE,2012,6.58776239392585
SLV,2012,1.72973481581383
SMR,2012,2.8273322422258
SRB,2012,7.33038589596646
SSD,2012,45.5258978371706
STP,2012,10.6379353431628
SUR,2012,5.00686319367273
SVK,2012,3.6061026352289
SVN,2012,2.59741386039003
SWE,2012,0.888377506923735
SWZ,2012,8.93964682788212
SXM,2012,4.01518421081576
SYC,2012,7.11037062326403
SYR,2012,36.7022953364139
TCD,2012,7.51662364663833
TGO,2012,2.57718174055848
THA,2012,3.01489950334985
TJK,2012,5.83116601031462
TLS,2012,11.8003096701544
TON,2012,1.14753853706055
TTO,2012,9.26028137068292
TUN,2012,4.6118443220664
TUR,2012,8.89156996512163
TZA,2012,16.0010938506338
UGA,2012,12.6790377224659
UKR,2012,0.568727971803862
URY,2012,8.09776580573602
USA,2012,2.06933726526067
UZB,2012,13.2088026688373
VCT,2012,2.59844414147101
VEN,2012,21.0689956331876
VNM,2012,9.09470339557192
VUT,2012,1.34740362877658
WSM,2012,2.0490188352116
XKX,2012,2.47673782156533
YEM,2012,9.88538714484871
ZAF,2012,5.73797139141739
ZMB,2012,6.57589970757698
ZWE,2012,3.72532666110646
ABW,2013,-2.37206524252261
AFE,2013,5.74883133553454
AFG,2013,7.38577178397855
AFW,2013,2.43920076104126
AGO,2013,8.77781429332623
ALB,2013,1.93762080205223
ARE,2013,1.1011183637571
ARM,2013,5.7896677854465
ATG,2013,1.05949782356169
AUS,2013,2.44988248109259
AUT,2013,2.00015616900597
AZE,2013,2.41571745279419
BDI,2013,7.93795807492417
BEL,2013,1.11309594027539
BEN,2013,0.428888888888883
BFA,2013,0.533738507090536
BGD,2013,7.53040640913172
BGR,2013,0.890093540913096
BHR,2013,3.30001156888442
BHS,2013,0.722414784530551
BIH,2013,-0.0930456838317588
BLR,2013,18.3122610377873
BLZ,2013,0.50974776898322
BOL,2013,5.73640023719606
BRA,2013,6.204310666401
BRB,2013,1.81410436049096
BRN,2013,0.389205053123632
BTN,2013,8.77638345268212
BWA,2013,5.88460707056816
CAF,2013,6.98879341970198
CAN,2013,0.938291897815316
CHE,2013,-0.217323155115672
CHL,2013,1.7895555398459
CHN,2013,2.62105001748114
CIV,2013,2.58117037252935
CMR,2013,2.0503471800174
COD,2013,0.80822310148711
COG,2013,4.63161619729461
COL,2013,2.01699224310383
COM,2013,-4.29487331536756
CPV,2013,1.50654285701407
CRI,2013,5.23133614174428
CUW,2013,1.33232086152117
CYM,2013,2.1606114681339
CYP,2013,-0.399357676464425
CZE,2013,1.4382978723404
DEU,2013,1.50472330251876
DJI,2013,-12.563149225034
DMA,2013,-0.0464116468805991
DNK,2013,0.789071780078062
DOM,2013,4.830950967408
DZA,2013,3.25423910998847
ECU,2013,2.72177577710371
EGY,2013,9.4697198106492
ESP,2013,1.40858109183018
EST,2013,2.78056658954987
ETH,2013,7.46402192944517
FIN,2013,1.47828615688809
FJI,2013,2.91354193603992
FRA,2013,0.863715497861804
FSM,2013,1.75232737350762
GAB,2013,0.505441058915615
GBR,2013,2.29166666666659
GEO,2013,-0.512058410947092
GHA,2013,11.6661923071729
GIN,2013,11.8875884481828
GMB,2013,5.69912989637382
GNB,2013,1.20712555668405
GNQ,2013,2.94887694639662
GRC,2013,-0.921269454256899
GRD,2013,-0.0439997864828058
GTM,2013,4.34337131279521
GUY,2013,1.90125181860582
HKG,2013,4.33799342105267
HND,2013,5.16189898581494
HRV,2013,2.21658206429779
HTI,2013,4.76502404779142
HUN,2013,1.73319984983101
IDN,2013,6.41249457900391
IND,2013,10.0178784746102
IRL,2013,0.515099484900573
IRN,2013,36.6030355191029
IRQ,2013,1.87949800749469
ISL,2013,3.87227923748249
ISR,2013,1.58976347421476
ITA,2013,1.21999342274306
JAM,2013,9.34150076569673
JOR,2013,4.82462314269537
JPN,2013,0.335037912184741
KAZ,2013,5.94283871648418
KEN,2013,5.71749357037733
KGZ,2013,6.61375202358082
KHM,2013,2.94162509547349
KIR,2013,-1.488059084681
KNA,2013,1.10698554000129
KOR,2013,1.30134754547413
KWT,2013,2.68229684085039
LAO,2013,6.37142717782947
LBN,2013,4.82101956297399
LBR,2013,7.577306817414
LBY,2013,2.60581802719517
LCA,2013,1.46856511035428
LKA,2013,6.90845034828452
LSO,2013,4.86511899496385
LTU,2013,1.04747937065344
LUX,2013,1.73403963519162
LVA,2013,-0.029454778257828
MAC,2013,5.50057779178484
MAR,2013,1.88065466724086
MDA,2013,4.59787897363127
MDG,2013,5.8264294445198
MDV,2013,3.8056300091943
MEX,2013,3.80639069747204
MKD,2013,2.78500056726109
MLI,2013,-0.606736356351563
MLT,2013,1.1802843636655
MMR,2013,5.64303883425501
MNE,2013,2.20589268141178
MNG,2013,10.4906567588241
MOZ,2013,4.26135250941963
MRT,2013,4.12910173783393
MUS,2013,3.54329573934839
MWI,2013,27.2833333333334
MYS,2013,2.10501231233612
NAM,2013,5.60092502290401
NCL,2013,1.27761318992718
NER,2013,2.29723114955317
NGA,2013,8.49551838265669
NIC,2013,7.13546785289407
NLD,2013,2.50689852657875
NOR,2013,2.12048620353112
NPL,2013,9.04016311917645
NZL,2013,1.13442266445817
OMN,2013,1.05354820265932
PAK,2013,7.69215611899565
PAN,2013,4.0271599157106
PER,2013,2.76789666082002
PHL,2013,2.58268766141795
PLW,2013,3.35481004221287
PNG,2013,4.9603174603175
POL,2013,0.991982606332335
PRT,2013,0.274416666666663
PRY,2013,2.68385738718582
PSE,2013,1.72439933626931
QAT,2013,3.22197756829293
ROU,2013,3.9847123554813
RUS,2013,6.75466833903486
RWA,2013,5.92426867984854
SAU,2013,3.51104209799866
SDN,2013,36.5223449139154
SEN,2013,0.710245486695176
SGP,2013,2.36439793742726
SLB,2013,5.3913638858756
SLE,2013,5.52412877994266
SLV,2013,0.757669184522973
SMR,2013,1.60439298078082
SRB,2013,7.69426362896655
SSD,2013,-0.0580909784225664
STP,2013,8.10583270875476
SUR,2013,1.92343604108305
SVK,2013,1.40047368963025
SVN,2013,1.76920085881907
SWE,2013,-0.044292970148682
SWZ,2013,5.62130623468948
SXM,2013,2.5286478853837
SYC,2013,4.33893848329099
SYR,2013,40.0318378290723
TCD,2013,0.222671564624551
TGO,2013,1.82539475909162
THA,2013,2.18488618530687
TJK,2013,5.00964645344951
TLS,2013,11.0849085109954
TON,2013,0.77562932236742
TTO,2013,5.19981740465611
TUN,2013,5.31623531326689
TUR,2013,7.49309030547693
TZA,2013,7.87072364573959
UGA,2013,4.90520875694557
UKR,2013,-0.238948626045407
URY,2013,8.57513504005397
USA,2013,1.46483265562717
UZB,2013,11.8414333622049
VCT,2013,0.805127804267928
VEN,2013,40.6394275161589
VNM,2013,6.59267475899192
VUT,2013,1.45893371757921
WSM,2013,0.61008572090503
XKX,2013,1.76732428354892
YEM,2013,10.9684421500198
ZAF,2013,5.78016910069176
ZMB,2013,6.97767605490307
ZWE,2013,1.63495041543822
ABW,2014,0.421440918881214
AFE,2014,5.52581923392517
AFG,2014,4.67399603536344
AFW,2014,1.76843582146223
AGO,2014,7.2803873036112
ALB,2014,1.62586504402613
ARE,2014,2.34626865671642
ARM,2014,2.98130868933672
ATG,2014,1.08944157435355
AUS,2014,2.48792932080492
AUT,2014,1.60581182954473
AZE,2014,1.37344181533176
BDI,2014,4.40535234185293
BEL,2014,0.340002833356921
BEN,2014,-0.54875755094818
BFA,2014,-0.258089517535291
BGD,2014,6.99163889220848
BGR,2014,-1.41818380264839
BHR,2014,2.64755321246188
BHS,2014,1.51375643050831
BIH,2014,-0.897194054194333
BLR,2014,18.1195543526734
BLZ,2014,1.20139964481057
BOL,2014,5.76660074579143
BRA,2014,6.32904015516138
BRB,2014,1.76950322089728
BRN,2014,-0.207108731719822
BTN,2014,8.27106093949327
BWA,2014,4.40225309243427
CAF,2014,14.8986841797549
CAN,2014,1.90663590717861
CHE,2014,-0.0132025387515945
CHL,2014,4.71867527854671
CHN,2014,1.9216416278852
CIV,2014,0.448682076766141
CMR,2014,1.85489850366776
COD,2014,1.24303889760802
COG,2014,0.912139545450097
COL,2014,2.89883787761737
COM,2014,7.54755379096711
CPV,2014,-0.238778144990623
CRI,2014,4.51920098516953
CUW,2014,1.49873969616429
CYM,2014,1.27397911533387
CYP,2014,-1.35498885446314
CZE,2014,0.343988589646793
DEU,2014,0.906794000434245
DJI,2014,1.34186494340162
DMA,2014,0.799250372687492
DNK,2014,0.56402054044954
DOM,2014,2.99864226125218
DZA,2014,2.91692692067458
ECU,2014,3.58922016616663
EGY,2014,10.0702154687481
ESP,2014,-0.151114837527234
EST,2014,-0.106175146521709
ETH,2014,6.89001951597191
FIN,2014,1.04119621178439
FJI,2014,0.519306474579106
FRA,2014,0.507758822937989
FSM,2014,0.650284891767944
GAB,2014,4.69045751826284
GBR,2014,1.45112016293279
GEO,2014,3.06881210379543
GHA,2014,15.4896160333318
GIN,2014,6.1505055670642
GMB,2014,5.94799935696626
GNB,2014,-1.50924460570494
GNQ,2014,4.30999866149107
GRC,2014,-1.31226096405525
GRD,2014,-0.98360305555498
GTM,2014,3.4183616966296
GUY,2014,0.852630497539914
HKG,2014,4.42364532019699
HND,2014,6.12924930313022
HRV,2014,-0.215196159576268
HTI,2014,3.43816659958601
HUN,2014,-0.227566270988219
IDN,2014,6.39492882396559
IND,2014,6.66565671867899
IRL,2014,0.190916398713745
IRN,2014,16.6065532357449
IRQ,2014,2.23597407904679
ISL,2014,2.04461481539333
ISR,2014,0.467557251908503
ITA,2014,0.241047429826756
JAM,2014,8.27407886231419
JOR,2014,2.89947905006057
JPN,2014,2.75922671353253
KAZ,2014,6.84944977003358
KEN,2014,6.87815499275949
KGZ,2014,7.5342472977589
KHM,2014,3.85568861424207
KIR,2014,2.10398520925043
KNA,2014,0.247865392364942
KOR,2014,1.27477446401322
KWT,2014,2.90892672858625
LAO,2014,4.12924306873771
LBN,2014,1.8546042134091
LBR,2014,9.86111285574904
LBY,2014,2.43294141599225
LCA,2014,3.51695551369241
LKA,2014,3.1790022823606
LSO,2014,5.37028961008587
LTU,2014,0.103758009433708
LUX,2014,0.628543985440717
LVA,2014,0.620490636732421
MAC,2014,6.04823452094076
MAR,2014,0.442310053557048
MDA,2014,5.08878554625869
MDG,2014,6.08040811088302
MDV,2014,2.12000175718134
MEX,2014,4.01861608078679
MKD,2014,-0.281705032928494
MLI,2014,0.883814547137841
MLT,2014,0.310306472181665
MMR,2014,4.953299184844
MNE,2014,-0.710514051710227
MNG,2014,12.2539808129759
MOZ,2014,2.55974875844295
MRT,2014,3.53436856147324
MUS,2014,3.21769191994684
MWI,2014,23.7920649469687
MYS,2014,3.14299050879095
NAM,2014,5.35016966859602
NCL,2014,0.178851060785511
NER,2014,-0.930287259984466
NGA,2014,8.04741087967907
NIC,2014,6.03596861798425
NLD,2014,0.976035079699679
NOR,2014,2.04170286707211
NPL,2014,8.36415469659563
NZL,2014,1.227507505974
OMN,2014,1.01401483924156
PAK,2014,7.18938402847028
PAN,2014,2.62652699929151
PER,2014,3.41194579807465
PHL,2014,3.59782343864211
PLW,2014,4.19174548581256
PNG,2014,5.22211720226841
POL,2014,0.0538213132399802
PRT,2014,-0.278153367467428
PRY,2014,5.02882767456766
PSE,2014,1.73298510037447
QAT,2014,3.34972085659523
ROU,2014,1.06830987684298
RUS,2014,7.82016970013845
RWA,2014,2.35449052820358
SAU,2014,2.24185348779063
SDN,2014,36.9066427863595
SEN,2014,-1.09025507446895
SGP,2014,1.03316955857629
SLB,2014,5.16590237925171
SLE,2014,4.63931171409667
SLV,2014,1.14134467538233
SMR,2014,1.11296303373851
SRB,2014,2.08244793880154
SSD,2014,1.6742990629552
STP,2014,6.99849943966421
SUR,2014,3.38341272749477
SVK,2014,-0.0761653295419871
SVN,2014,0.19934382657075
SWE,2014,-0.179638494114635
SWZ,2014,5.68134885776447
SXM,2014,1.88675466275266
SYC,2014,1.38583454581263
SYR,2014,10.9271141804297
TCD,2014,1.6819731392567
TGO,2014,0.19087507624975
THA,2014,1.8951418189878
TJK,2014,6.10442765129667
TLS,2014,0.726275016139465
TON,2014,2.51087633253706
TTO,2014,5.68441814595659
TUN,2014,4.62555099534031
TUR,2014,8.85457271364316
TZA,2014,6.13161432988012
UGA,2014,3.07570668958641
UKR,2014,12.0718562874251
URY,2014,8.87735333229828
USA,2014,1.62222297740817
UZB,2014,9.28309356162695
VCT,2014,0.193858560794015
VEN,2014,62.1686499794829
VNM,2014,4.08455446637617
VUT,2014,0.798863838097023
WSM,2014,-0.40681608842489
XKX,2014,0.428957808324092
YEM,2014,8.10472583623915
ZAF,2014,6.13282953059149
ZMB,2014,7.80687553566333
ZWE,2014,-0.19778481012661
ABW,2015,0.474763597342641
AFE,2015,5.09856164363687
AFG,2015,-0.661709164713741
AFW,2015,2.13081738058791
AGO,2015,9.35597215533783
ALB,2015,1.89617402592356
ARE,2015,4.06996608361593
ARM,2015,3.73169119261693
ATG,2015,0.968993458825638
AUS,2015,1.50836803138463
AUT,2015,0.896563335260319
AZE,2015,4.02768573742725
BDI,2015,5.54468891259779
BEL,2015,0.561429152790157
BEN,2015,0.218785923536245
BFA,2015,0.724838981070516
BGD,2015,6.19428022984983
BGR,2015,-0.104633261008479
BHR,2015,1.84862742374976
BHS,2015,1.86148302863371
BIH,2015,-1.03602303425474
BLR,2015,13.5344897649734
BLZ,2015,-0.861584009427747
BOL,2015,4.05961041135644
BRA,2015,9.02990102416136
BRB,2015,-1.11278992510958
BRN,2015,-0.488347420743522
BTN,2015,4.54814395082205
BWA,2015,3.06203169580557
CAF,2015,1.40297017136816
CAN,2015,1.12524136094277
CHE,2015,-1.14390867228178
CHL,2015,4.34877353217044
CHN,2015,1.43702380935654
CIV,2015,1.25149954781467
CMR,2015,2.67623531419899
COD,2015,0.74419899478147
COG,2015,3.16909796750829
COL,2015,4.98983115849529
COM,2015,-0.117173884190069
CPV,2015,0.131187999024544
CRI,2015,0.801982005099623
CUW,2015,-0.476542049801404
CYM,2015,-2.34752770165615
CYP,2015,-2.0969976905311
CZE,2015,0.309364548494975
DEU,2015,0.514426137125456
DJI,2015,-0.522166521445793
DMA,2015,-0.843826984638329
DNK,2015,0.452034153691574
DOM,2015,0.836746346724556
DZA,2015,4.78444700693889
ECU,2015,3.96664623255357
EGY,2015,10.370490343517
ESP,2015,-0.500365709903242
EST,2015,-0.49232600654737
ETH,2015,9.56889955968623
FIN,2015,-0.207928839905268
FJI,2015,1.37488542621446
FRA,2015,0.0375143805125181
FSM,2015,-0.2981158373807
GAB,2015,-0.338795188753406
GBR,2015,0.36804684232536
GEO,2015,4.00357820695097
GHA,2015,17.1499695007878
GIN,2015,11.7800825029834
GMB,2015,6.8084549457961
GNB,2015,1.47672048910485
GNQ,2015,1.67663085315988
GRC,2015,-1.73588804765275
GRD,2015,-0.515448031435329
GTM,2015,2.3887203283955
GUY,2015,-1.00173432776374
HKG,2015,2.99084819322581
HND,2015,3.15783117980923
HRV,2015,-0.464499004644911
HTI,2015,6.73184069658997
HUN,2015,-0.0616446800641672
IDN,2015,6.36312061196646
IND,2015,4.90697344127256
IRL,2015,-0.330959783371788
IRN,2015,12.4846815611533
IRQ,2015,1.39333028780309
ISL,2015,1.63305558181326
ISR,2015,-0.617342577642765
ITA,2015,0.0387903996579733
JAM,2015,3.69154228855725
JOR,2015,-0.876851359704049
JPN,2015,0.795279630579839
KAZ,2015,6.67828585615236
KEN,2015,6.58215429284779
KGZ,2015,6.50331838993384
KHM,2015,1.22393195511119
KIR,2015,0.572015743634256
KNA,2015,-2.30187563045616
KOR,2015,0.70633177245575
KWT,2015,3.27170166092133
LAO,2015,1.27735427102992
LBN,2015,-3.74914524799629
LBR,2015,7.74869687621322
LBY,2015,10.4022933588151
LCA,2015,-0.983600952696996
LKA,2015,3.76836783062096
LSO,2015,3.21844513655931
LTU,2015,-0.884097405500596
LUX,2015,0.474743161437779
LVA,2015,0.174242243625186
MAC,2015,4.56056338028173
MAR,2015,1.5579071134626
MDA,2015,9.67624033101859
MDG,2015,7.40419174202129
MDV,2015,0.953206658777607
MEX,2015,2.72064064964023
MKD,2015,-0.299920475631462
MLI,2015,1.45069057605961
MLT,2015,1.10054826378929
MMR,2015,9.45417189526018
MNE,2015,1.54869158222486
MNG,2015,5.73568281938327
MOZ,2015,3.55075967356746
MRT,2015,3.25472688117631
MUS,2015,1.28654970760232
MWI,2015,21.8673475542553
MYS,2015,2.10438980238359
NAM,2015,3.39401538410559
NCL,2015,0.570508141048402
NER,2015,-0.576090369833189
NGA,2015,9.00943498007706
NIC,2015,3.99737996694396
NLD,2015,0.600248147278776
NOR,2015,2.17113665389527
NPL,2015,7.86890895590891
NZL,2015,0.292704628136101
OMN,2015,0.0652901330286599
PAK,2015,2.52932817254229
PAN,2015,0.137492058461504
PER,2015,3.39809194746308
PHL,2015,0.674192536845408
PLW,2015,0.949040643697081
PNG,2015,5.99595778127107
POL,2015,-0.874125874125862
PRT,2015,0.48793862390472
PRY,2015,3.12900274473925
PSE,2015,1.43161145810476
QAT,2015,1.8140772393776
ROU,2015,-0.594156437495203
RUS,2015,15.5343959935701
RWA,2015,2.52850284192421
SAU,2015,1.22269318552328
SDN,2015,16.9095706050977
SEN,2015,0.135211933635165
SGP,2015,-0.521975611895763
SLB,2015,-0.57446928635949
SLE,2015,6.68943562498681
SLV,2015,-0.731384487387957
SMR,2015,0.145686073241066
SRB,2015,1.39235822000187
SSD,2015,52.7663304192143
STP,2015,5.24587835022454
SUR,2015,6.89390359168238
SVK,2015,-0.325219777427673
SVN,2015,-0.525552285820877
SWE,2015,-0.0467847449832812
SWZ,2015,4.95124493704919
SXM,2015,0.330027165141066
SYC,2015,4.04194410725617
SYR,2015,38.4611429599733
TCD,2015,4.37712665065654
TGO,2015,2.58500390801595
THA,2015,-0.900424963291569
TJK,2015,5.7145594964971
TLS,2015,0.552796026277853
TON,2015,-1.05399831971283
TTO,2015,4.66121598098264
TUN,2015,4.437371273215
TUR,2015,7.67085364845885
TZA,2015,5.58816952959298
UGA,2015,5.58968606251725
UKR,2015,48.6998646434424
URY,2015,8.66626987079328
USA,2015,0.118627135552451
UZB,2015,8.75188196737508
VCT,2015,-1.73361194953959
VEN,2015,121.738085297503
VNM,2015,0.631200905175754
VUT,2015,2.48326875660439
WSM,2015,0.724470134874729
XKX,2015,-0.536929392740659
ZAF,2015,4.51869094892506
ZMB,2015,10.1105928909618
ZWE,2015,-2.43096842383404
ABW,2016,-0.93119598707956
AFE,2016,6.44687722255584
AFG,2016,4.38389195513914
AFW,2016,1.48741550755546
AGO,2016,30.6944150806719
ALB,2016,1.27543168367423
ARE,2016,1.61748808904197
ARM,2016,-1.40360755900899
ATG,2016,-0.489437796230498
AUS,2016,1.27699365720306
AUT,2016,0.891591752655362
AZE,2016,12.4433748584372
BDI,2016,5.55768961400965
BEL,2016,1.97385264653162
BEN,2016,-0.793310145785624
BFA,2016,0.441041448058809
BGD,2016,5.51352572692995
BGR,2016,-0.798649886453617
BHR,2016,2.78679347602044
BHS,2016,-0.346376929989396
BIH,2016,-1.58410000000001
BLR,2016,11.8365807653496
BLZ,2016,0.663427167917601
BOL,2016,3.62321431764138
BRA,2016,8.73914352329393
BRB,2016,1.28192813061895
BRN,2016,-0.278693265753083
BTN,2016,3.21988689395717
BWA,2016,2.81495791361943
CAF,2016,4.94543276106518
CAN,2016,1.42875954701085
CHE,2016,-0.434618664285814
CHL,2016,3.78619355893118
CHN,2016,2.00000182191943
CIV,2016,0.723178457513308
CMR,2016,0.874190383288856
COD,2016,2.88585107289988
COG,2016,3.19056179723773
COL,2016,7.51346024627674
COM,2016,0.797517430888487
CPV,2016,-1.40781637091705
CRI,2016,-0.0174788505908217
CUW,2016,-0.0472079848940292
CYM,2016,-0.62525835861814
CYP,2016,-1.42916666666665
CZE,2016,0.683504209385702
DEU,2016,0.491747008445174
DJI,2016,2.40252905434889
DMA,2016,0.141816225732312
DNK,2016,0.250000000000031
DOM,2016,1.61416607245222
DZA,2016,6.39769480268756
ECU,2016,1.72826463324532
EGY,2016,13.8136062148289
ESP,2016,-0.202598000426452
EST,2016,0.148684907627372
ETH,2016,6.62813337230924
FIN,2016,0.356684500891695
FJI,2016,3.86322538221277
FRA,2016,0.183334861123764
FSM,2016,-1.03746806405349
GAB,2016,2.10670712784054
GBR,2016,1.0084173681141
GEO,2016,2.13492713939121
GHA,2016,17.4546347070868
GIN,2016,8.17268112275132
GMB,2016,7.22879272057922
GNB,2016,1.50312055861088
GNQ,2016,1.41193915479015
GRC,2016,-0.825653978391033
GRD,2016,1.65038994431573
GTM,2016,4.44844199942827
GUY,2016,0.836008061506207
HKG,2016,2.40930743862224
HND,2016,2.72461223295289
HRV,2016,-1.12500000000002
HTI,2016,11.5029073942666
HUN,2016,0.394769306686392
IDN,2016,3.52580452815451
IND,2016,4.94821634062141
IRL,2016,0.0201247735963237
IRN,2016,7.24542548952979
IRQ,2016,0.556521397155511
ISL,2016,1.69692761997751
ISR,2016,-0.535168195718695
ITA,2016,-0.09401665691575
JAM,2016,2.35102197485846
JOR,2016,-0.778430463054142
JPN,2016,-0.127258844489754
KAZ,2016,14.3610942386248
KEN,2016,6.29724953814625
KGZ,2016,0.388838296895799
KHM,2016,3.01913975139128
KIR,2016,1.91731090233378
KNA,2016,-0.687037123294039
KOR,2016,0.971685739912168
KWT,2016,3.19839776658374
LAO,2016,1.59691227583204
LBN,2016,-0.783359624361508
LBR,2016,8.83424868336488
LBY,2016,25.8538742124461
LCA,2016,-3.07821765676927
LKA,2016,3.9588884659307
LSO,2016,6.59650490696543
LTU,2016,0.905525075460342
LUX,2016,0.290833333333317
LVA,2016,0.140633334505327
MAC,2016,2.36895749705898
MAR,2016,1.63531114327064
MDA,2016,6.35930898037931
MDG,2016,6.03575858154679
MDV,2016,0.502509413611612
MEX,2016,2.8217078474766
MKD,2016,-0.239290787684501
MLI,2016,-1.79964707083386
MLT,2016,0.642702771527304
MMR,2016,6.92882525816076
MNE,2016,-0.271385023385176
MNG,2016,0.733272227314397
MOZ,2016,17.4180418197597
MRT,2016,1.47171045650004
MUS,2016,0.977675134718965
MWI,2016,21.7111132136499
MYS,2016,2.09056659525742
NAM,2016,6.72858234593338
NCL,2016,0.578317435520754
NER,2016,1.65388922387806
NGA,2016,15.6968126387972
NIC,2016,3.52317317628473
NLD,2016,0.316666666666652
NOR,2016,3.55000000000007
NPL,2016,8.7903433200464
NZL,2016,0.646240284454524
OMN,2016,1.10920805807027
PAK,2016,3.7651191635658
PAN,2016,0.739734025300033
PER,2016,3.55717663556279
PHL,2016,1.25369880080982
PLW,2016,-1.04230533415074
PNG,2016,6.6737288135593
POL,2016,-0.664767331433962
PRT,2016,0.607397074641719
PRY,2016,4.08682280577241
PSE,2016,-0.219106604907316
QAT,2016,2.6765917009819
ROU,2016,-1.54479666813897
RUS,2016,7.04243725413707
RWA,2016,7.17434301982009
SAU,2016,2.05347076823965
SDN,2016,17.750253831196
SEN,2016,0.837284942557434
SGP,2016,-0.529809760375464
SLB,2016,0.512485626268792
SLE,2016,10.8860609413903
SLV,2016,0.60404908699661
SMR,2016,0.644075340346552
SRB,2016,1.12231397417769
SSD,2016,379.999585624026
STP,2016,5.43051966119156
SUR,2016,55.4123879763196
SVK,2016,-0.520010196278266
SVN,2016,-0.054999541670474
SWE,2016,0.984269244577992
SWZ,2016,7.8472745908568
SXM,2016,0.111682655737579
SYC,2016,-1.01548191697626
SYR,2016,47.7051615298923
TCD,2016,-0.792440525236102
TGO,2016,1.28544847051417
THA,2016,0.188149704448143
TJK,2016,6.00458082322139
TLS,2016,-1.33853876185163
TON,2016,2.57815515245081
TTO,2016,3.07066742464024
TUN,2016,3.62939937384381
TUR,2016,7.7751341532833
TZA,2016,5.17476629301493
UGA,2016,5.70637504616212
UKR,2016,13.9127101997797
URY,2016,9.6394134763508
USA,2016,1.26158320570536
UZB,2016,8.130886695236
VCT,2016,-0.149641647633284
VEN,2016,254.948534781816
VNM,2016,2.66824816969082
VUT,2016,0.842069084035061
WSM,2016,1.30471869303179
XKX,2016,0.273169431045468
ZAF,2016,6.60290842394872
ZMB,2016,17.8697300795268
ZWE,2016,-1.54366960054161
ABW,2017,-1.02828178762012
AFE,2017,6.22137528933118
AFG,2017,4.97595150553832
AFW,2017,1.72548602374731
AGO,2017,29.8444799015679
ALB,2017,1.98666133171194
ARE,2017,1.96682557818842
ARM,2017,0.969553268816137
ATG,2017,2.43248789041362
AUS,2017,1.94864309065653
AUT,2017,2.08126911385586
AZE,2017,12.9359184187334
BDI,2017,16.0525353030391
BEL,2017,2.12597086002616
BEN,2017,0.0432648555103608
BFA,2017,1.48299897161325
BGD,2017,5.70207015717238
BGR,2017,2.06159619443141
BHR,2017,1.38671830576406
BHS,2017,1.51820700736147
BIH,2017,0.810133321953038
BLR,2017,6.03183725177785
BLZ,2017,1.14765339305816
BOL,2017,2.8227580554717
BRA,2017,3.44637335032669
BRB,2017,4.66018463955995
BRN,2017,-1.2605056462896
BTN,2017,4.95508366985129
BWA,2017,3.30828076768219
CAF,2017,4.18072331871266
CAN,2017,1.59688412852976
CHE,2017,0.533787839825876
CHL,2017,2.18271846868519
CHN,2017,1.59313600071435
CIV,2017,0.685881065304603
CMR,2017,0.64040914988195
COG,2017,0.450063823285546
COL,2017,4.3143132569501
COM,2017,-0.237362224154613
CPV,2017,0.784415251101334
CRI,2017,1.62590692991731
CUW,2017,1.58558801700344
CYP,2017,0.531766496174467
CZE,2017,2.4505339846014
DEU,2017,1.50949485109628
DJI,2017,0.57728572456066
DMA,2017,0.296252889279486
DNK,2017,1.14713216957601
DOM,2017,3.27955694678546
DZA,2017,5.59111590961663
ECU,2017,0.417335588666824
EGY,2017,29.5066083940038
ESP,2017,1.95607633363963
EST,2017,3.41723549488054
ETH,2017,10.6871150284238
FIN,2017,0.754015047084346
FJI,2017,3.34757834757831
FRA,2017,1.03228275064681
FSM,2017,0.58225373525489
GAB,2017,2.65192583143902
GBR,2017,2.55775577557747
GEO,2017,6.03531725272117
GHA,2017,12.3719215507048
GIN,2017,8.91435947913097
GMB,2017,8.03418974545911
GNB,2017,1.69111461822298
GNQ,2017,0.74435474661241
GRC,2017,1.12125452031425
GRD,2017,0.908458255874249
GTM,2017,4.42453655182546
GUY,2017,1.90465615515584
HKG,2017,1.49387243939522
HND,2017,3.93436084442044
HRV,2017,1.12937210282347
HTI,2017,10.6800887242584
HUN,2017,2.34824281150154
IDN,2017,3.80879857691949
IND,2017,3.32817337461298
IRL,2017,0.362173038229378
IRN,2017,8.04492437660278
IRQ,2017,0.18405889884769
ISL,2017,1.76041559180596
ISR,2017,0.249807840123008
ITA,2017,1.22653316645812
JAM,2017,4.37839864991561
JOR,2017,3.32389447576097
JPN,2017,0.484199796126385
KAZ,2017,7.44266321306792
KEN,2017,8.00564967709945
KGZ,2017,3.1753098637994
KHM,2017,2.91263557371478
KIR,2017,0.355520888546828
KNA,2017,0.694916711613604
KOR,2017,1.94433230786366
KWT,2017,2.17183298510006
LAO,2017,0.825478607568026
LBN,2017,4.32135218303191
LBR,2017,12.4196323907138
LBY,2017,25.8036184788338
LCA,2017,0.104262078958441
LKA,2017,7.70413767850602
LSO,2017,4.447699373763
LTU,2017,3.72288862303707
LUX,2017,1.73079959118887
LVA,2017,2.93036312374665
MAC,2017,1.22812404052809
MAR,2017,0.754663249323619
MDA,2017,6.57022997455611
MDG,2017,8.60905075422949
MDV,2017,2.81747338234509
MEX,2017,6.04145724018986
MKD,2017,1.35161889677442
MLI,2017,1.75985742927165
MLT,2017,1.36435448150708
MMR,2017,4.5725365531752
MNE,2017,2.3802359905313
MNG,2017,4.30143105302342
MOZ,2017,15.1132073899384
MRT,2017,2.25427651934813
MUS,2017,3.66699702675925
MWI,2017,11.5433939188771
MYS,2017,3.87120115774237
NAM,2017,6.14579981111164
NER,2017,2.79637318871284
NGA,2017,16.5022662139641
NIC,2017,3.85067166284727
NLD,2017,1.38145871407216
NOR,2017,1.87510059552545
NPL,2017,2.77703998300211
NZL,2017,1.85078767452536
OMN,2017,1.58909413567799
PAK,2017,4.08537368032608
PAN,2017,0.875585918759878
PER,2017,2.99490045809443
PHL,2017,2.85318772590947
PLW,2017,1.4179881966692
PNG,2017,5.42204568023834
POL,2017,2.07593553673859
PRT,2017,1.36861411643472
PRY,2017,3.60247741348943
PSE,2017,0.212570934228881
QAT,2017,0.394878914083005
ROU,2017,1.3390212110439
RUS,2017,3.68333072334495
RWA,2017,8.27953672260832
SAU,2017,-0.834845735027162
SDN,2017,32.3516260968437
SEN,2017,1.31815314847789
SGP,2017,0.576763191179996
SLB,2017,0.488686760261083
SLE,2017,18.2215094003386
SLV,2017,1.0123540331558
SMR,2017,1.01413313194508
SRB,2017,3.13106248590115
SSD,2017,187.851630279442
STP,2017,5.6902961992902
SUR,2017,21.9969430173304
SVK,2017,1.31194588223228
SVN,2017,1.42910743319306
SWE,2017,1.79449904665599
SWZ,2017,6.22137528933118
SXM,2017,2.19201010962985
SYC,2017,2.85679575568437
SYR,2017,18.0752696281771
TCD,2017,-1.5370996298084
TGO,2017,-0.981889868943119
THA,2017,0.665631893135106
TLS,2017,0.557215537430361
TON,2017,7.51706283551115
TTO,2017,1.88038440183532
TUN,2017,5.30884839565844
TUR,2017,11.1443110840764
TZA,2017,5.31871605228931
UGA,2017,5.20971705914209
UKR,2017,14.4383227488749
URY,2017,6.2180938256186
USA,2017,2.13011000365961
UZB,2017,13.8757425441635
VCT,2017,2.15333648840511
VNM,2017,3.52025688811617
VUT,2017,3.08452624403546
WSM,2017,1.74989677484705
XKX,2017,1.48823430592319
ZAF,2017,5.18618655524149
ZMB,2017,6.57731154205644
ZWE,2017,0.893962316050027
ABW,2018,3.6260414135296
AFE,2018,4.6898064677633
AFG,2018,0.626149149168846
AFW,2018,1.78404994832044
AGO,2018,19.628937970152
ALB,2018,2.02805963071134
ARE,2018,3.06863379251996
ARG,2018,34.2772237131003
ARM,2018,2.52023382001637
ATG,2018,1.20715793367007
AUS,2018,1.91140002818579
AUT,2018,1.99837981429548
AZE,2018,2.26854690373999
BDI,2018,-2.81469807668465
BEL,2018,2.05316499865177
BEN,2018,0.919170717886053
BFA,2018,1.95594302672532
BGD,2018,5.54362139486476
BGR,2018,2.81454473824838
BHR,2018,2.08766938046978
BHS,2018,2.26586346678735
BIH,2018,1.41710814018033
BLR,2018,4.87230220550689
BLZ,2018,0.269982622646335
BOL,2018,2.27205987230154
BRA,2018,3.66485028376728
BRB,2018,3.1060057242059
BRN,2018,1.02505179290212
BTN,2018,2.72396386183713
BWA,2018,3.23801558947715
CAF,2018,1.61215686991555
CAN,2018,2.26822567248103
CHE,2018,0.936335464113572
CHL,2018,2.43488981353057
CHN,2018,2.07479039965576
CIV,2018,0.401297817263547
CMR,2018,1.0688581131292
COG,2018,1.15277896375523
COL,2018,3.24056932930569
COM,2018,2.15155084413033
CPV,2018,1.25615185860785
CRI,2018,2.2211146152658
CUW,2018,2.58368756641813
CYP,2018,1.43549119531759
CZE,2018,2.14949494949492
DEU,2018,1.73216879766941
DJI,2018,0.138836400011405
DMA,2018,0.989191119189889
DNK,2018,0.813609467455631
DOM,2018,3.56443426013507
DZA,2018,4.26999020467083
ECU,2018,-0.224103246005552
EGY,2018,14.4014657807421
ESP,2018,1.6749813686379
EST,2018,3.43632688420446
ETH,2018,13.8330356586661
FIN,2018,1.08382098409305
FJI,2018,4.08147637644542
FRA,2018,1.85081508315492
FSM,2018,1.49840023593737
GAB,2018,4.74906652083221
GBR,2018,2.29283990345938
GEO,2018,2.6152447139767
GHA,2018,7.80876516610703
GIN,2018,9.82761701259191
GMB,2018,6.52096823946573
GNB,2018,0.381324702790992
GNQ,2018,1.06007410662171
GRC,2018,0.62562141345364
GRD,2018,0.804102313277033
GTM,2018,3.75186186704508
GUY,2018,1.28284288443528
HKG,2018,2.40613432046534
HND,2018,4.34734937777528
HRV,2018,1.50012501041756
HTI,2018,12.4814111170435
HUN,2018,2.85024792594646
IDN,2018,3.19834755924996
IND,2018,3.9388264669163
IRL,2018,0.471130713712916
IRN,2018,18.0141183371874
IRQ,2018,0.367441488936849
ISL,2018,2.68291768267392
ISR,2018,0.805060379528526
ITA,2018,1.13748763600391
JAM,2018,3.73663882152163
JOR,2018,4.46231108475481
JPN,2018,0.989094598021848
KAZ,2018,6.16366247577762
KEN,2018,4.6898064677633
KGZ,2018,1.54266145238436
KHM,2018,2.45908515380146
KIR,2018,0.564030491493476
KNA,2018,-1.03712214131572
KOR,2018,1.47583935002645
KWT,2018,0.543133148199567
LAO,2018,2.04039266890201
LBN,2018,6.07698907889607
LBR,2018,23.5635148953742
LBY,2018,13.1702038536721
LCA,2018,1.93561893150602
LKA,2018,2.135037737132
LSO,2018,4.7518030162474
LTU,2018,2.69792779208394
LUX,2018,1.5281952430738
LVA,2018,2.53445424186598
MAC,2018,3.00446293166953
MAR,2018,1.80391671141896
MDA,2018,3.04505397337071
MDG,2018,8.59422958870476
MDV,2018,-0.133373386117595
MEX,2018,4.89935015356551
MKD,2018,1.45831298507126
MLI,2018,0.299546507387843
MLT,2018,1.15782362451517
MMR,2018,6.87232865662935
MNE,2018,2.611223782638
MNG,2018,6.82424790145522
MOZ,2018,3.91133439990729
MRT,2018,3.06735996058356
MUS,2018,3.2160538314457
MWI,2018,12.420178108921
MYS,2018,0.884709160571235
NAM,2018,4.29159105337875
NER,2018,2.96760366004456
NGA,2018,12.0951065173432
NIC,2018,4.94723728039886
NLD,2018,1.70349794744479
NOR,2018,2.76483134528797
NPL,2018,4.40659410175714
NZL,2018,1.59829703801696
OMN,2018,0.889312370970404
PAK,2018,5.07805725868917
PAN,2018,0.761578359399944
PER,2018,1.50915423024742
PHL,2018,5.30934661627707
PLW,2018,2.10970464135017
PNG,2018,4.37448921453162
POL,2018,1.81295156542689
PRT,2018,0.993715683468326
PRY,2018,3.97561015740694
PSE,2018,-0.195107773730735
QAT,2018,0.255815382724408
ROU,2018,4.62548443137779
RUS,2018,2.87831382614981
RWA,2018,-0.311210160390699
SAU,2018,2.46594308994843
SDN,2018,63.2925073455888
SEN,2018,0.460985642464188
SGP,2018,0.438784215129623
SLB,2018,3.46147484973729
SLE,2018,16.0295447693699
SLV,2018,1.09033000581892
SMR,2018,1.16333522293158
SRB,2018,1.95984076293801
SSD,2018,83.5015294922
STP,2018,7.86859628873909
SVK,2018,2.51403712883812
SVN,2018,1.7386086198818
SWE,2018,1.95353530127028
SWZ,2018,4.81506167461513
SYC,2018,3.70291839111568
SYR,2018,0.940983843906769
TCD,2018,4.27462198610545
TGO,2018,0.927755426457183
THA,2018,1.06389754183024
TLS,2018,2.63647201015892
TON,2018,5.03209691984874
TTO,2018,1.01856930188822
TUN,2018,7.30759176031652
TUR,2018,16.3324638988929
TZA,2018,3.49445848856181
UGA,2018,2.61601190952274
UKR,2018,10.9518559353178
URY,2018,7.60653360377047
USA,2018,2.44258329692817
UZB,2018,17.5241796514055
VCT,2018,2.32414485367921
VNM,2018,3.53962805942641
VUT,2018,2.33096379566866
WSM,2018,4.19745888663752
XKX,2018,1.05379773654991
ZAF,2018,4.50987264867388
ZMB,2018,7.4945719272852
ZWE,2018,10.6188658669575
ABW,2019,4.25746204335427
AFE,2019,4.10285075461156
AFG,2019,2.30237251516833
AFW,2019,1.98309228487232
AGO,2019,17.080954143438
ALB,2019,1.41109078954242
ARE,2019,-1.93108114782172
ARG,2019,53.5483043492339
ARM,2019,1.44344660770698
ATG,2019,1.43135598182983
AUS,2019,1.610770929127
AUT,2019,1.53089564152643
AZE,2019,2.61057182799215
BDI,2019,-0.686772170797358
BEL,2019,1.43681956996438
BEN,2019,0.732849371241066
BFA,2019,-3.23338933983321
BGD,2019,5.59199639930629
BGR,2019,3.10372944796771
BHR,2019,1.00582004702136
BHS,2019,2.49123527368045
BIH,2019,0.56278215406123
BLR,2019,5.59815595039853
BLZ,2019,0.187069385181424
BOL,2019,1.83954504969025
BRA,2019,3.73297621216893
BRB,2019,1.67662473276987
BRN,2019,-0.390522069165529
BTN,2019,2.72643037388832
BWA,2019,2.7728644286332
CAF,2019,2.68537355266786
CAN,2019,1.94926902411592
CHE,2019,0.362886179940674
CHL,2019,2.55754475703326
CHN,2019,2.89923416358226
CIV,2019,0.79085551205366
CMR,2019,2.45280214062732
COG,2019,2.20607305781525
COL,2019,3.52301932741446
COM,2019,3.58213544469211
CPV,2019,1.10750930553819
CRI,2019,2.09604635327807
CUW,2019,2.62220783425058
CYP,2019,0.250370996758493
CZE,2019,2.84787595918041
DEU,2019,1.44565976888253
DJI,2019,3.31763203299602
DMA,2019,1.50462353858141
DNK,2019,0.75813157251162
DOM,2019,1.81060377042959
DZA,2019,1.95176821052891
ECU,2019,0.266012515466155
EGY,2019,9.15279959324803
ESP,2019,0.699518994458738
EST,2019,2.27725931243522
ETH,2019,15.8096321719344
FIN,2019,1.0240939296343
FJI,2019,1.79388647514555
FRA,2019,1.10825492288293
FSM,2019,1.92385170787923
GAB,2019,2.46456756151187
GBR,2019,1.73810460086513
GEO,2019,4.85289821696723
GHA,2019,7.14364003330857
GIN,2019,9.47001039253012
GMB,2019,7.11567625631192
GNB,2019,0.24660026814783
GNQ,2019,1.53027528964189
GRC,2019,0.253007522038059
GRD,2019,0.598149764736022
GTM,2019,3.69998398008605
GUY,2019,2.08723089162013
HKG,2019,2.88320853773996
HND,2019,4.36587159819267
HRV,2019,0.771820346498019
HTI,2019,18.7037825672506
HUN,2019,3.33858635382008
IDN,2019,3.03058460941661
IND,2019,3.72950573539129
IRL,2019,0.937842961189274
IRN,2019,39.9073455697784
IRQ,2019,-0.198965380023928
ISL,2019,3.01397179156053
ISR,2019,0.817645940292794
ITA,2019,0.611246943765304
JAM,2019,3.90510000865872
JOR,2019,0.761514047265601
JPN,2019,0.46877615938395
KAZ,2019,5.33356098916669
KEN,2019,5.23963795764792
KGZ,2019,1.13362257718804
KHM,2019,1.94257500833107
KIR,2019,-1.81307995302947
KNA,2019,-0.329562063663977
KOR,2019,0.383000303608136
KWT,2019,1.09184802655856
LAO,2019,3.32255881256925
LBN,2019,3.00538949390383
LBR,2019,26.9662760197878
LBY,2019,-2.16217883470595
LCA,2019,0.539087559191757
LKA,2019,3.52839358231811
LSO,2019,5.18708359197982
LTU,2019,2.33450937988027
LUX,2019,1.74332075653848
LVA,2019,2.81140920075624
MAC,2019,2.75193081051975
MAR,2019,0.303386036590383
MDA,2019,4.83778351428728
MDG,2019,5.61051441492365
MDV,2019,0.220029731065383
MEX,2019,3.63596142127046
MKD,2019,0.766439573459805
MLI,2019,-1.65826694846365
MLT,2019,1.6420600176894
MMR,2019,8.82506696804558
MNE,2019,0.361563704540767
MNG,2019,7.30106953550729
MOZ,2019,2.80270307928111
MRT,2019,2.30009262117937
MUS,2019,0.405655190309553
MWI,2019,9.3708360560567
MYS,2019,0.662891865764326
NAM,2019,3.72239414422695
NER,2019,-2.48979265070855
NGA,2019,11.3964223378116
NIC,2019,5.37628990844126
NLD,2019,2.63369910249591
NOR,2019,2.16773003305411
NPL,2019,5.56616035243723
NZL,2019,1.61963190184048
OMN,2019,0.490815362820671
PAK,2019,10.5780305672025
PAN,2019,-0.355083821021245
PER,2019,2.25212191358027
PHL,2019,2.39206534422404
PLW,2019,0.26737967914444
PNG,2019,3.92867290939597
POL,2019,2.22747880938291
PRT,2019,0.338178410046034
PRY,2019,2.75709727562775
PSE,2019,1.58018333639455
QAT,2019,-0.666641124861147
ROU,2019,3.82785432599438
RUS,2019,4.47202631837903
RWA,2019,3.34787655037648
SAU,2019,-1.19298644533328
SDN,2019,50.9940515002965
SEN,2019,1.76011151192939
SGP,2019,0.567829988405447
SLB,2019,1.63485544012247
SLE,2019,14.8049990906021
SLV,2019,0.0753241350024612
SMR,2019,0.472651967352852
SRB,2019,1.84922984511086
SSD,2019,87.2413641500032
STP,2019,7.72024525213248
SVK,2019,2.66456133425431
SVN,2019,1.63052260754344
SWE,2019,1.78415097403835
SWZ,2019,2.59801620311077
SYC,2019,1.80709400809982
SYR,2019,13.4175653228571
TCD,2019,-0.971939175419401
TGO,2019,0.674652770077525
THA,2019,0.706728601314311
TLS,2019,0.958812739703141
TON,2019,1.17954334821808
TTO,2019,1.00054293027237
TUN,2019,6.72007532863799
TUR,2019,15.1768215720022
TZA,2019,3.46428057999021
UGA,2019,2.867588034469
UKR,2019,7.88671745611133
URY,2019,7.88198870879619
USA,2019,1.81221007526021
UZB,2019,14.5257359560687
VCT,2019,0.91306972532459
VNM,2019,2.7958236745225
VUT,2019,2.76252019386111
WSM,2019,0.982326569888117
XKX,2019,2.67599202639893
ZAF,2019,4.10285075461156
ZMB,2019,9.15031644316296
ZWE,2019,255.304990757856
AFE,2020,5.19162942092851
AFG,2020,5.60188791482224
AFW,2020,2.49037783931949
AGO,2020,22.2715392470509
ALB,2020,1.6208866171702
ARE,2020,-2.07940317940943
ARG,2020,42.0150947376509
ARM,2020,1.21143577838464
ATG,2020,0.625989707046719
AUS,2020,0.846900734607273
AUT,2020,1.38191063351853
AZE,2020,2.75980947008127
BDI,2020,7.3211064341552
BEL,2020,0.740791812220343
BEN,2020,3.02272119663759
BFA,2020,1.88470066518847
BGD,2020,5.69107474746211
BGR,2020,1.67244096855756
BHR,2020,-2.31770629331378
BHS,2020,0.0385210980054557
BIH,2020,-1.05129600763489
BLR,2020,5.5481435745651
BLZ,2020,0.121434644614893
BOL,2020,0.940742153381849
BRA,2020,3.21176803803376
BRN,2020,1.94031996607183
BTN,2020,5.62936522632507
BWA,2020,1.8903591682421
CAF,2020,1.71015659523152
CAN,2020,0.716999632307827
CHE,2020,-0.725874933313402
CHL,2020,3.04549084804326
CHN,2020,2.41942189457782
CIV,2020,2.41252617189052
CMR,2020,2.43760882182236
COG,2020,1.79537147083107
COL,2020,2.52663500084706
COM,2020,0.786641929499151
CPV,2020,0.6057961856899
CRI,2020,0.724911478131375
CYP,2020,-0.638422797978958
CZE,2020,3.1612952849781
DEU,2020,0.144877925813981
DJI,2020,1.77900535643955
DMA,2020,1.22026442242476
DNK,2020,0.420711974110024
DOM,2020,3.78103179915516
DZA,2020,2.41513094083413
ECU,2020,-0.338872392562139
EGY,2020,5.04493288977538
ESP,2020,-0.322753017299739
EST,2020,-0.444531097679829
ETH,2020,20.3563468559061
FIN,2020,0.290554555653239
FJI,2020,-1.70014167847317
FRA,2020,0.476498852725065
FSM,2020,0.554594630853174
GAB,2020,1.35276110675333
GBR,2020,0.989486703772491
GEO,2020,5.2024648897534
GHA,2020,9.88728956269944
GIN,2020,10.6016203387167
GMB,2020,5.93127636562441
GNB,2020,1.14000939393222
GNQ,2020,4.76669523944228
GRC,2020,-1.24798355581405
GRD,2020,-0.740732597045498
GTM,2020,3.21444062197345
GUY,2020,0.99333702283873
HKG,2020,0.2509620210808
HND,2020,3.46841177951184
HRV,2020,0.154811374562106
HTI,2020,22.7963113642528
HUN,2020,3.32674385766738
IDN,2020,1.91983527270793
IND,2020,6.62343677628535
IRL,2020,-0.326183651280033
IRN,2020,30.5941390387295
IRQ,2020,0.574162679425795
ISL,2020,2.84792401518665
ISR,2020,-0.575254620897756
ITA,2020,-0.13770757391651
JAM,2020,5.2267777929352
JOR,2020,0.333294350628378
JPN,2020,-0.024995834027731
KAZ,2020,6.71815454861458
KEN,2020,5.40516207933392
KGZ,2020,6.32542296338078
KHM,2020,2.9402951426397
KIR,2020,2.5532455441463
KNA,2020,-1.16724501769353
KOR,2020,0.537288023411737
KWT,2020,2.101729548274
LAO,2020,5.10407262959919
LBN,2020,84.8643330472041
LBR,2020,16.9557241496255
LBY,2020,1.44703656998741
LCA,2020,-1.75580833517594
LKA,2020,6.15394508391738
LSO,2020,4.97809676252309
LTU,2020,1.19989444983569
LUX,2020,0.819957302127036
LVA,2020,0.219064904841985
MAC,2020,0.811410511491512
MAR,2020,0.705968661338261
MDA,2020,3.76597122245351
MDG,2020,4.20179312190557
MDV,2020,-1.36977425569811
MEX,2020,3.39683415570006
MKD,2020,1.20007348888469
MLI,2020,0.438088940320669
MLT,2020,0.638544956776712
MNE,2020,-0.255655699848551
MNG,2020,3.7237230614026
MOZ,2020,3.48393567493204
MRT,2020,2.3856948845632
MUS,2020,2.5808007718283
MWI,2020,8.62551469650552
MYS,2020,-1.1387021539305
NAM,2020,2.20938236933469
NER,2020,2.8981937602627
NGA,2020,13.2460234276597
NIC,2020,3.68181341625572
NLD,2020,1.27246037789161
NOR,2020,1.28658490707996
NPL,2020,5.05635826238499
NZL,2020,1.71456170007245
OMN,2020,-0.40640291946585
PAK,2020,9.74011619320125
PAN,2020,-1.5502754080376
PER,2020,2.00241205759292
PHL,2020,2.3931623931624
PLW,2020,0.218181818181833
PNG,2020,4.87167398565555
POL,2020,3.37446972618589
PRT,2020,-0.0124383299575305
PRY,2020,1.76751592356698
PSE,2020,-0.735332001092191
QAT,2020,-2.5403150300476
ROU,2020,2.63107311184743
RUS,2020,3.38219796948068
RWA,2020,9.85039902274207
SAU,2020,3.37234961012303
SDN,2020,163.257782355458
SEN,2020,2.54314685681662
SGP,2020,-0.172111865925382
SLB,2020,2.96354992076065
SLE,2020,13.4468711101052
SLV,2020,-0.371590212324095
SMR,2020,-0.133368898372915
SRB,2020,1.57553290083415
SSD,2020,29.6758435538572
STP,2020,9.81932791540146
SUR,2020,34.889784309078
SVK,2020,1.93694126694223
SVN,2020,-0.05485681576061
SWE,2020,0.497367318853572
SYC,2020,1.20266463987123
TCD,2020,4.46414437232861
TGO,2020,1.69928463299399
THA,2020,-0.845937147357041
TLS,2020,0.495499215459571
TON,2020,-0.349737696727496
TTO,2020,0.598986330824643
TUN,2020,5.63415115897625
TUR,2020,12.2789574462574
TZA,2020,3.29029062798325
UGA,2020,3.31332289544502
UKR,2020,2.73249209419427
URY,2020,9.75640636078194
USA,2020,1.23358439630629
UZB,2020,12.8677297362606
VCT,2020,-0.628131309354654
VNM,2020,3.22093436652514
VUT,2020,5.32935073101715
WSM,2020,-1.56891247740895
XKX,2020,0.198227922994854
ZAF,2020,3.23238831615113
ZMB,2020,15.7330604721369
ZWE,2020,557.201817362051
AFE,2021,6.82472709282067
AFG,2021,5.13320340824962
AFW,2021,3.74556782333009
AGO,2021,25.754294884189
ALB,2021,2.04147163139544
ARE,2021,0.179935336174431
ARG,2021,48.4093786255199
ARM,2021,7.1848362944337
ATG,2021,2.06299638545334
AUS,2021,2.86391284709318
AUT,2021,2.7666666666667
AZE,2021,6.65029912708778
BDI,2021,8.4045384507634
BEL,2021,2.44024851144084
BEN,2021,1.73353962694035
BFA,2021,3.65326761825508
BGD,2021,5.54565430773473
BGR,2021,3.29774435299506
BHR,2021,-0.60631938514085
BHS,2021,2.90491262928478
BIH,2021,1.98163900587622
BLR,2021,9.46028389623105
BLZ,2021,3.2356365923707
BOL,2021,0.737383721452274
BRA,2021,8.30165975585673
BRN,2021,1.73341388450593
BTN,2021,7.3468144053353
BWA,2021,7.24097765588442
CAF,2021,4.25936417542868
CAN,2021,3.39519318527527
CHE,2021,0.581814168489855
CHL,2021,4.52456838259143
CHN,2021,0.981015135544881
CIV,2021,4.15919657911797
CMR,2021,2.27185762503637
COG,2021,1.7156427545126
COL,2021,3.49505757399448
COM,2021,-0.00441793682346988
CPV,2021,1.86215256793885
CRI,2021,1.72647755109241
CYP,2021,2.44608867175474
CZE,2021,3.83984491500146
DEU,2021,3.06666666666673
DJI,2021,1.18086783934059
DMA,2021,2.22891330700343
DNK,2021,1.85304543989689
DOM,2021,8.24300347981809
DZA,2021,7.22606307415477
ECU,2021,0.133251386096389
EGY,2021,5.21404940513042
ESP,2021,3.09313511976419
EST,2021,4.65316673847472
ETH,2021,26.8395221557722
FIN,2021,2.19457432340007
FJI,2021,1.53454853751591
FRA,2021,1.64233141038393
FSM,2021,3.19128406597466
GAB,2021,1.0869074651941
GBR,2021,2.51837109614213
GEO,2021,9.56691433824769
GHA,2021,9.9710886750444
GIN,2021,12.5972882566934
GMB,2021,7.37034758876618
GNB,2021,2.24248879577658
GNQ,2021,-0.0971007664640198
GRC,2021,1.22382501019854
GRD,2021,1.21951193916838
GTM,2021,4.26105127422813
GUY,2021,5.03285574626702
HKG,2021,1.56875834445922
HND,2021,4.48087963413445
HRV,2021,2.55450699642041
HTI,2021,16.8415240198785
HUN,2021,5.11096534382855
IDN,2021,1.56007882983334
IND,2021,5.13140747176369
IRL,2021,2.34034113447044
IRN,2021,43.3890162681514
IRQ,2021,6.04186489058044
ISL,2021,4.44423970189739
ISR,2021,1.47965474722561
ITA,2021,1.87378325762481
JAM,2021,5.86278242801063
JOR,2021,1.34609377243118
JPN,2021,-0.233352779398264
KAZ,2021,8.04147134028401
KEN,2021,6.10793603659176
KGZ,2021,11.9050398185147
KHM,2021,2.92073477592949
KIR,2021,2.05361676773907
KNA,2021,1.195688870384
KOR,2021,2.49833333333339
KWT,2021,3.42362947609188
LAO,2021,3.75562036658877
LBN,2021,154.756096023393
LBR,2021,7.81559385858648
LBY,2021,2.86833027751019
LCA,2021,2.41070312174393
LKA,2021,7.01478071238195
LSO,2021,6.04774591950676
LTU,2021,4.68354420903453
LUX,2021,2.52692009066166
LVA,2021,3.27582937431165
MAC,2021,0.0264543647055504
MAR,2021,1.40195883962006
MDA,2021,5.10641129002835
MDG,2021,5.81225118787715
MDV,2021,0.543149688737013
MEX,2021,5.68920847683753
MKD,2021,3.23074912132928
MLI,2021,3.92560283104277
MLT,2021,1.49789217934724
MNE,2021,2.41080198403165
MNG,2021,7.35894657888155
MOZ,2021,6.40847652975692
MRT,2021,3.56516484650185
MUS,2021,4.02852888157376
MWI,2021,9.33014410835212
MYS,2021,2.47710241465447
NAM,2021,3.61690530108814
NER,2021,3.8378680284051
NGA,2021,16.9528457221608
NIC,2021,4.92841396948968
NLD,2021,2.67572008805385
NOR,2021,3.48388055266669
NPL,2021,4.12676744440695
NZL,2021,3.94112060778728
OMN,2021,1.68221185876085
PAK,2021,9.49641577285205
PAN,2021,1.63070337301898
PER,2021,4.27166381536798
PHL,2021,3.92718022100332
PLW,2021,2.6124818577648
PNG,2021,4.48359014042398
POL,2021,5.05502704719272
PRT,2021,1.26565719069044
PRY,2021,4.787983101236
PSE,2021,1.23748102831369
QAT,2021,2.30446565742003
ROU,2021,5.05232876096582
RUS,2021,6.69445891957612
RWA,2021,-0.391346748300791
SAU,2021,3.06328988941548
SDN,2021,359.093040778999
SEN,2021,2.18032278088147
SGP,2021,2.31610315765146
SLB,2021,-0.115437894412839
SLE,2021,11.8739588840234
SLV,2021,3.46692585313082
SMR,2021,1.61551411551421
SRB,2021,4.08510285335102
SSD,2021,10.5167158294358
STP,2021,8.13777038378732
SUR,2021,59.1196626251977
SVK,2021,3.14960629921268
SVN,2021,1.91706506089259
SWE,2021,2.16319736447143
SYC,2021,9.76909936973542
TCD,2021,-0.77284437035914
TGO,2021,4.1862150652352
THA,2021,1.23039541318384
TLS,2021,3.69792094666786
TON,2021,5.64051140636751
TTO,2021,2.05922746915458
TUN,2021,5.706350208307
TUR,2021,19.5964926913324
TZA,2021,3.69091958802199
UGA,2021,2.20457204757414
UKR,2021,9.36313917695223
URY,2021,7.74791402314762
USA,2021,4.69785886363742
UZB,2021,10.8492397508122
VCT,2021,1.57272932500558
VNM,2021,1.83471554810444
VUT,2021,2.34328358208953
WSM,2021,3.13320473174494
XKX,2021,3.35369139207997
ZAF,2021,4.61874544887136
ZMB,2021,22.0207676245777
ZWE,2021,98.5461050920624
AFE,2022,10.8834775726018
AFG,2022,13.7121023720064
AFW,2022,7.94925144848567
AGO,2022,21.3552901320822
ALB,2022,6.72520271530059
ARE,2022,5.29122604376849
ARG,2022,72.430757531824
ARM,2022,8.64091108973854
ATG,2022,7.53107834634288
AUS,2022,6.59409658717841
AUT,2022,8.54686993188457
AZE,2022,13.8522590144267
BDI,2022,18.8008786664944
BEL,2022,9.597511728725
BEN,2022,1.35077863583527
BFA,2022,14.2902354303358
BGD,2022,7.69695437176898
BGR,2022,15.3252589264367
BHR,2022,3.62574104304482
BHS,2022,5.60540633583043
BIH,2022,14.0208440826771
BLR,2022,15.2096752740809
BLZ,2022,6.27689319447543
BOL,2022,1.74632872945968
BRA,2022,9.28010608956872
BRN,2022,3.68225030604215
BTN,2022,5.6391667139637
BWA,2022,11.665567478802
CAF,2022,5.58316735183246
CAN,2022,6.80280115341612
CHE,2022,2.83502798644451
CHL,2022,11.6438667110559
CHN,2022,1.9735755573905
CIV,2022,5.23352856100842
CMR,2022,6.24767713343861
COG,2022,3.04344334698477
COL,2022,10.1772313546166
COM,2022,12.5320314570998
CPV,2022,7.93092928079189
CRI,2022,8.27477490232654
CYP,2022,8.39548297993334
CZE,2022,15.100165146837
DEU,2022,6.87257438551096
DJI,2022,5.17222088647605
DMA,2022,2.88490226829353
DNK,2022,7.69656699889259
DOM,2022,8.81109209279587
DZA,2022,9.26551551551552
ECU,2022,3.46616972213076
EGY,2022,13.8956609775177
ESP,2022,8.39057634118626
EST,2022,19.3982634080616
ETH,2022,33.8898797100898
FIN,2022,7.12350773301402
FJI,2022,6.07882431529724
FRA,2022,5.22236748369725
FSM,2022,5.40874375479067
GAB,2022,4.23124798274579
GBR,2022,7.92204883147902
GEO,2022,11.8981654203198
GHA,2022,31.2558951049016
GIN,2022,10.4930409984424
GMB,2022,11.5131198380505
GNB,2022,9.39075933985203
GNQ,2022,4.78671704710803
GRC,2022,9.64525981280642
GRD,2022,2.5805392590792
GTM,2022,6.88512823344287
GUY,2022,6.11505550109935
HKG,2022,1.88136707196853
HND,2022,9.08963911525025
HRV,2022,10.7805806758686
HTI,2022,33.98393194707
HUN,2022,14.6081439492433
IDN,2022,4.20946463714784
IND,2022,6.69903414079852
IRL,2022,7.82945736434105
IRN,2022,43.4884641742179
IRQ,2022,4.99476596381044
ISL,2022,8.3087551155892
ISR,2022,4.41162725488371
ITA,2022,8.20128991161718
JAM,2022,10.3495688391272
JOR,2022,4.22915568897117
JPN,2022,2.49770278172255
KAZ,2022,15.0278644440851
KEN,2022,7.65986268272224
KGZ,2022,13.9229093174176
KHM,2022,5.34370264895437
KIR,2022,5.34595440908904
KNA,2022,2.66817533111249
KOR,2022,5.08951365062842
KWT,2022,3.98064961990313
LAO,2022,22.9562225132056
LBN,2022,171.205491336641
LBR,2022,7.59298486560313
LBY,2022,4.51030149235703
LCA,2022,6.37814695133351
LKA,2022,49.7211021114327
LSO,2022,8.27180389943028
LTU,2022,19.7050461518394
LUX,2022,6.33600807777919
LVA,2022,17.3102830198815
MAC,2022,1.04502802369954
MAR,2022,6.65704202759067
MDA,2022,28.7372976766235
MDG,2022,8.16059031991844
MDV,2022,2.33314337624567
MEX,2022,7.8962761916855
MKD,2022,14.2047173195833
MLI,2022,9.62147608489064
MLT,2022,6.15375621933037
MNE,2022,13.0403036347004
MNG,2022,15.1509728200805
MOZ,2022,10.2794018093421
MRT,2022,9.52526628622843
MUS,2022,10.7737512242899
MWI,2022,20.953969729969
MYS,2022,3.37869862549928
NAM,2022,6.08128114112413
NER,2022,4.22621791916392
NGA,2022,18.8471877843274
NIC,2022,10.4674244465991
NLD,2022,10.0012078753473
NOR,2022,5.76412317852272
NPL,2022,7.6702057938028
NZL,2022,7.17222476016441
OMN,2022,2.5061425061425
PAK,2022,19.8738599646655
PAN,2022,2.85965128834711
PER,2022,8.33370630096231
PHL,2022,5.82115811213955
PLW,2022,12.3526638378124
PNG,2022,5.25323922215241
POL,2022,14.4294507575758
PRT,2022,7.83269124233323
PRY,2022,9.76556667164402
PSE,2022,3.74122391852077
QAT,2022,4.99527553740761
ROU,2022,13.7954887432521
RUS,2022,13.7436797398232
RWA,2022,17.6892095588153
SAU,2022,2.47407371925372
SDN,2022,138.80846024176
SEN,2022,9.69681899081073
SGP,2022,6.13095418919732
SLB,2022,5.51812928576938
SLE,2022,27.2082883814653
SLV,2022,7.19861615609867
SMR,2022,5.32545321311365
SRB,2022,11.9815117344703
SSD,2022,-6.68732094212668
STP,2022,18.0056351122841
SUR,2022,52.446027276241
SVK,2022,12.7741463637611
SVN,2022,8.83369886749452
SWE,2022,8.36929098869189
SYC,2022,2.6260363285129
TCD,2022,5.78802687843616
TGO,2022,7.96757361617945
THA,2022,-1.61068030486688
TLS,2022,7.00530945399787
TON,2022,10.9713652903022
TTO,2022,5.82838638517959
TUN,2022,8.30646124447623
TUR,2022,72.3088359891207
TZA,2022,4.35027204269101
UGA,2022,7.1957888597581
UKR,2022,20.1836366617478
URY,2022,9.10437983075437
USA,2022,8.00279982052121
UZB,2022,11.4466436998836
VCT,2022,5.66009779226552
VNM,2022,3.15650749963129
VUT,2022,6.67930581887121
WSM,2022,10.9618822286844
XKX,2022,11.5805104542012
ZAF,2022,7.03987272546482
ZMB,2022,10.9932039209136
ZWE,2022,104.705170628667
AFE,2023,7.39918558080627
AFG,2023,-4.64470870797774
AFW,2023,5.22116801324002
AGO,2023,13.6441017767714
ALB,2023,4.75834555150038
ARE,2023,1.62670837213248
ARG,2023,133.488935594175
ARM,2023,1.98041877615553
ATG,2023,5.06713865364212
AUS,2023,5.59701792296707
AUT,2023,7.81413417002831
AZE,2023,8.7854304984908
BDI,2023,26.9414835762453
BEL,2023,4.04901077613941
BEN,2023,2.73870078406074
BFA,2023,0.742910428668917
BGD,2023,9.8835030377921
BGR,2023,9.44284140088564
BHR,2023,0.0746206782192255
BHS,2023,3.05291578969742
BIH,2023,6.1059011284828
BLR,2023,5.00059903091312
BLZ,2023,4.38984017487674
BOL,2023,2.57688800489192
BRA,2023,4.59356282283203
BRB,2023,3.18718905472631
BRN,2023,0.35706431153689
BTN,2023,4.22934419929251
BWA,2023,5.06761549343829
CAF,2023,2.97913852618936
CAN,2023,3.87900159788425
CHE,2023,2.13540088016386
CHL,2023,7.58168251407962
CHN,2023,0.23483682889305
CIV,2023,4.36972254867474
CMR,2023,7.38281384280983
COG,2023,4.30174563591016
COL,2023,11.7359044948689
COM,2023,8.37373955490995
CPV,2023,3.72437535861454
CRI,2023,0.525193508693455
CYP,2023,3.54134188751663
CZE,2023,10.6612601372427
DEU,2023,5.94643667725823
DJI,2023,1.44905087029085
DMA,2023,5.08677483158111
DNK,2023,3.30517811237605
DOM,2023,4.78561281021135
DZA,2023,9.32217375928322
ECU,2023,2.21568764237058
EGY,2023,33.8847763115546
ESP,2023,3.53236133492432
EST,2023,9.15922507983982
ETH,2023,30.2188278135278
FIN,2023,6.25064322154762
FJI,2023,2.97544080604538
FRA,2023,4.8783572650844
GAB,2023,3.62901534185376
GBR,2023,6.79396706793963
GEO,2023,2.48776056578715
GHA,2023,38.1069656296501
GIN,2023,7.80497591927973
GMB,2023,16.9742129632327
GNB,2023,7.10220928557059
GNQ,2023,2.85949506037322
GRC,2023,3.46480128513405
GRD,2023,2.69612269814564
GTM,2023,6.20657592272126
GUY,2023,2.82110335099641
HKG,2023,2.09660511249089
HND,2023,6.66325180347457
HRV,2023,7.9412817758683
HTI,2023,36.8135162780854
HUN,2023,17.1249659678737
IDN,2023,3.66938654859761
IND,2023,5.64914318907925
IRL,2023,6.29942487419125
IRN,2023,44.5791857572797
IRQ,2023,4.35835351089586
ISL,2023,8.73630299937298
ISR,2023,4.22522603168918
ITA,2023,5.62219442195901
JAM,2023,6.47413734662063
JOR,2023,2.08486986327134
JPN,2023,3.26813365933163
KAZ,2023,14.5275597825952
KEN,2023,7.67139634029402
KGZ,2023,10.7532770416742
KHM,2023,2.12746796594194
KIR,2023,9.28307374517721
KNA,2023,3.55711230848243
KOR,2023,3.5974562502901
KWT,2023,3.64216403030709
LAO,2023,31.2301341732646
LBN,2023,221.341644023365
LBR,2023,10.0944535665552
LBY,2023,2.37317531435169
LCA,2023,4.07060821926204
LKA,2023,16.5411742279832
LSO,2023,6.34221743124953
LTU,2023,9.11731962390475
LUX,2023,3.74140361983136
LVA,2023,8.9380462331663
MAC,2023,0.476384495788075
MAR,2023,6.09114152504141
MDA,2023,13.4170104381299
MDG,2023,9.87432675044888
MDV,2023,2.92746542425035
MEX,2023,5.52796087314389
MKD,2023,9.36187249769015
MLI,2023,2.05880228274223
MLT,2023,5.09396758978883
MNE,2023,8.58476910455403
MNG,2023,10.347583131434
MOZ,2023,7.12697482131851
MRT,2023,4.95305034506872
MUS,2023,7.05298238454736
MWI,2023,28.7897428247298
MYS,2023,2.48886560125754
NAM,2023,5.87993463284275
NER,2023,3.70097316425834
NGA,2023,24.659550203114
NIC,2023,8.38765854872536
NLD,2023,3.83839354342808
NOR,2023,5.51784987104659
NPL,2023,7.11587261530826
NZL,2023,5.73316283034957
OMN,2023,0.950782997762827
PAK,2023,30.7681280657005
PAN,2023,1.48641355277038
PER,2023,6.45561348369586
PHL,2023,5.97802515541409
PLW,2023,12.8199748216534
PNG,2023,2.29869991296791
POL,2023,11.5289127961105
PRT,2023,4.31128191898672
PRY,2023,4.63202285403356
PSE,2023,5.87110177678988
QAT,2023,3.02764899198902
ROU,2023,10.3971874764996
RUS,2023,5.86571931748967
RWA,2023,19.789546746467
SAU,2023,2.32708518362706
SEN,2023,5.93947798773215
SGP,2023,4.83372362825798
SLB,2023,5.88585897042164
SLE,2023,47.6428733253179
SLV,2023,4.04554694222477
SMR,2023,5.93190858629403
SRB,2023,12.3719043552519
SSD,2023,2.38280434813754
STP,2023,21.2589138473
SUR,2023,51.5873159600861
SVK,2023,10.5319476645211
SVN,2023,7.44687717385838
SWE,2023,8.5486248974891
SYC,2023,-1.03530088431952
TCD,2023,10.8363568399843
TGO,2023,5.48928568141131
THA,2023,8.47805174421543
TLS,2023,8.42035103310377
TON,2023,6.35112980255189
TTO,2023,4.62930242419968
TUN,2023,9.32899597507865
TUR,2023,53.8594087593315
TZA,2023,3.79923291384916
UGA,2023,5.35094804280395
UKR,2023,12.8490222828559
URY,2023,5.86910359896119
USA,2023,4.11633838374488
UZB,2023,9.95659071258018
VCT,2023,4.56457719814894
VNM,2023,3.25289282667662
VUT,2023,11.1825017088175
WSM,2023,7.92164684826777
XKX,2023,4.94432438791283
ZAF,2023,6.0752438457966
ZMB,2023,10.884531691282
