country_code,year,terms_of_trade_index
ABW,2010,61.6
AFG,2010,115.7
AGO,2010,154.1
ALB,2010,104.1
AND,2010,107.8
ARE,2010,114.4
ARG,2010,99.4
ARM,2010,106.1
ASM,2010,139.9
ATG,2010,122.3
AUS,2010,120.6
AUT,2010,103.9
AZE,2010,133.5
BDI,2010,108.7
BEL,2010,100.0
BEN,2010,118.7
BFA,2010,105.2
BGD,2010,81.0
BGR,2010,96.0
BHR,2010,108.4
BHS,2010,88.2
BIH,2010,101.1
BLR,2010,102.5
BLZ,2010,94.4
BMU,2010,92.5
BOL,2010,140.5
BRA,2010,118.5
BRB,2010,101.6
BRN,2010,127.3
BTN,2010,83.8
BWA,2010,71.2
CAF,2010,128.5
CAN,2010,111.9
CHE,2010,99.2
CHL,2010,115.4
CHN,2010,87.0
CIV,2010,101.0
CMR,2010,114.8
COD,2010,102.7
COG,2010,126.4
COL,2010,145.1
COM,2010,72.0
CPV,2010,92.5
CRI,2010,94.0
CUB,2010,115.8
CYM,2010,91.4
CYP,2010,105.9
CZE,2010,100.7
DEU,2010,96.4
DJI,2010,102.0
DMA,2010,100.3
DNK,2010,99.7
DOM,2010,95.8
DZA,2010,119.5
ECU,2010,124.1
EGY,2010,101.3
ERI,2010,114.4
ESP,2010,103.3
EST,2010,103.8
ETH,2010,97.7
FIN,2010,98.1
FJI,2010,106.0
FRA,2010,102.1
FRO,2010,94.4
FSM,2010,93.9
GAB,2010,124.0
GBR,2010,89.5
GEO,2010,105.9
GHA,2010,117.5
GIB,2010,90.8
GIN,2010,122.2
GMB,2010,97.9
GNB,2010,112.9
GNQ,2010,139.5
GRC,2010,99.4
GRD,2010,83.8
GRL,2010,81.1
GTM,2010,102.9
GUM,2010,100.0
GUY,2010,104.7
HKG,2010,99.7
HND,2010,95.9
HRV,2010,100.2
HTI,2010,114.4
HUN,2010,96.9
IDN,2010,108.3
IND,2010,91.5
IRL,2010,112.2
IRN,2010,117.9
IRQ,2010,153.5
ISL,2010,99.1
ISR,2010,87.8
ITA,2010,94.3
JAM,2010,110.4
JOR,2010,108.1
JPN,2010,101.7
KAZ,2010,134.7
KEN,2010,92.8
KGZ,2010,102.8
KHM,2010,87.9
KIR,2010,93.4
KNA,2010,107.8
KOR,2010,96.3
KWT,2010,130.4
LAO,2010,118.5
LBN,2010,97.6
LBR,2010,136.0
LBY,2010,132.7
LCA,2010,120.5
LKA,2010,99.8
LSO,2010,74.0
LTU,2010,96.0
LUX,2010,106.7
LVA,2010,101.0
MAC,2010,98.7
MAR,2010,89.2
MDA,2010,103.8
MDG,2010,84.8
MDV,2010,91.5
MEX,2010,105.1
MHL,2010,100.0
MKD,2010,91.5
MLI,2010,105.5
MLT,2010,97.2
MMR,2010,94.1
MNG,2010,136.9
MNP,2010,50.5
MOZ,2010,113.9
MRT,2010,143.2
MUS,2010,84.9
MWI,2010,101.6
MYS,2010,100.3
NAM,2010,91.4
NCL,2010,143.4
NER,2010,100.9
NGA,2010,132.6
NIC,2010,86.4
NLD,2010,97.4
NOR,2010,112.5
NPL,2010,89.6
NRU,2010,109.1
NZL,2010,92.9
OMN,2010,126.9
PAK,2010,106.0
PAN,2010,103.0
PER,2010,115.1
PHL,2010,100.2
PLW,2010,102.3
PNG,2010,119.3
POL,2010,101.8
PRK,2010,123.5
PRT,2010,96.4
PRY,2010,77.8
PSE,2010,93.2
PYF,2010,61.0
QAT,2010,130.8
ROU,2010,99.1
RUS,2010,115.3
RWA,2010,99.0
SAU,2010,130.8
SEN,2010,97.8
SGP,2010,95.8
SLB,2010,104.3
SLE,2010,121.9
SLV,2010,88.4
SOM,2010,94.8
SRB,2010,97.4
STP,2010,99.0
SUR,2010,110.4
SVK,2010,100.8
SVN,2010,99.9
SWE,2010,102.5
SWZ,2010,104.4
SYC,2010,86.4
SYR,2010,91.2
TCA,2010,94.9
TCD,2010,137.7
TGO,2010,96.8
THA,2010,98.5
TJK,2010,118.5
TKM,2010,113.3
TLS,2010,127.9
TON,2010,106.1
TTO,2010,101.1
TUN,2010,108.2
TUR,2010,93.9
TZA,2010,102.7
UGA,2010,98.3
UKR,2010,122.4
URY,2010,87.4
USA,2010,97.1
UZB,2010,111.2
VCT,2010,99.5
VEN,2010,151.7
VGB,2010,68.8
VNM,2010,96.5
VUT,2010,91.7
WLD,2010,100.1
WSM,2010,98.7
YEM,2010,126.1
ZAF,2010,101.4
ZMB,2010,121.8
ZWE,2010,104.3
ABW,2011,65.6
AFG,2011,116.7
AGO,2011,195.6
ALB,2011,103.5
AND,2011,106.5
ARE,2011,124.9
ARG,2011,109.7
ARM,2011,108.4
ASM,2011,143.3
ATG,2011,120.9
AUS,2011,135.2
AUT,2011,100.5
AZE,2011,160.8
BDI,2011,129.0
BEL,2011,97.8
BEN,2011,121.0
BFA,2011,121.1
BGD,2011,76.8
BGR,2011,95.1
BHR,2011,118.0
BHS,2011,91.2
BIH,2011,99.6
BLR,2011,111.6
BLZ,2011,107.0
BMU,2011,89.5
BOL,2011,165.9
BRA,2011,127.3
BRB,2011,95.0
BRN,2011,137.5
BTN,2011,82.8
BWA,2011,80.8
CAF,2011,125.2
CAN,2011,114.5
CHE,2011,96.1
CHL,2011,117.2
CHN,2011,83.8
CIV,2011,100.0
CMR,2011,115.2
COD,2011,108.2
COG,2011,148.9
COL,2011,166.5
COM,2011,75.7
CPV,2011,93.5
CRI,2011,91.7
CUB,2011,110.5
CUW,2011,107.6070549736
CYM,2011,88.8
CYP,2011,104.3
CZE,2011,99.9
DEU,2011,93.5
DJI,2011,105.5
DMA,2011,103.3
DNK,2011,99.8
DOM,2011,94.1
DZA,2011,139.4
ECU,2011,140.0
EGY,2011,104.8
ERI,2011,118.1
ESP,2011,99.1
EST,2011,102.4
ETH,2011,106.6
FIN,2011,95.1
FJI,2011,106.7
FRA,2011,98.3
FRO,2011,88.0
FSM,2011,82.9
GAB,2011,145.7
GBR,2011,91.9
GEO,2011,104.8
GHA,2011,116.2
GIB,2011,86.5
GIN,2011,124.1
GMB,2011,97.3
GNB,2011,98.5
GNQ,2011,153.6
GRC,2011,99.8
GRD,2011,83.1
GRL,2011,80.3
GTM,2011,102.0
GUM,2011,100.6
GUY,2011,106.9
HKG,2011,99.4
HND,2011,100.2
HRV,2011,100.4
HTI,2011,95.0
HUN,2011,97.4
IDN,2011,111.7
IND,2011,88.1
IRL,2011,104.3
IRN,2011,134.2
IRQ,2011,194.4
ISL,2011,96.4
ISR,2011,81.7
ITA,2011,91.5
JAM,2011,110.0
JOR,2011,99.4
JPN,2011,92.5
KAZ,2011,157.0
KEN,2011,90.0
KGZ,2011,106.4
KHM,2011,84.5
KIR,2011,84.5
KNA,2011,96.6
KOR,2011,86.5
KWT,2011,155.8
LAO,2011,121.7
LBN,2011,95.5
LBR,2011,156.4
LBY,2011,153.4
LCA,2011,106.3
LKA,2011,90.7
LSO,2011,79.0
LTU,2011,95.3
LUX,2011,103.3
LVA,2011,99.9
MAC,2011,95.9
MAR,2011,89.2
MDA,2011,101.7
MDG,2011,85.9
MDV,2011,85.5
MEX,2011,100.9
MHL,2011,100.3
MKD,2011,89.0
MLI,2011,118.5
MLT,2011,101.2
MMR,2011,91.8
MNG,2011,140.9
MNP,2011,63.2
MOZ,2011,109.8
MRT,2011,141.6
MUS,2011,82.9
MWI,2011,100.6
MYS,2011,105.8
NAM,2011,95.9
NCL,2011,136.8
NER,2011,109.1
NGA,2011,152.1
NIC,2011,92.1
NLD,2011,97.4
NOR,2011,127.8
NPL,2011,90.9
NRU,2011,126.3
NZL,2011,97.1
OMN,2011,155.7
PAK,2011,101.3
PAN,2011,100.7
PER,2011,124.2
PHL,2011,92.7
PLW,2011,93.6
PNG,2011,127.8
POL,2011,99.4
PRK,2011,115.2
PRT,2011,94.7
PRY,2011,89.0
PSE,2011,87.0
PYF,2011,72.6
QAT,2011,145.5
ROU,2011,99.8
RUS,2011,140.4
RWA,2011,100.6
SAU,2011,160.6
SEN,2011,98.7
SGP,2011,93.3
SLB,2011,102.9
SLE,2011,124.8
SLV,2011,85.1
SOM,2011,94.5
SRB,2011,96.9
STP,2011,99.4
SUR,2011,120.8
SVK,2011,99.3
SVN,2011,98.5
SWE,2011,100.1
SWZ,2011,103.2
SYC,2011,91.2
SYR,2011,96.1
TCA,2011,65.5
TCD,2011,159.4
TGO,2011,96.3
THA,2011,93.7
TJK,2011,118.4
TKM,2011,135.5
TLS,2011,144.9
TON,2011,95.0
TTO,2011,104.4
TUN,2011,108.2
TUR,2011,91.1
TZA,2011,103.3
UGA,2011,102.8
UKR,2011,127.5
URY,2011,89.4
USA,2011,94.6
UZB,2011,128.6
VCT,2011,91.4
VEN,2011,182.3
VGB,2011,78.6
VNM,2011,96.1
VUT,2011,90.2
WLD,2011,100.1
WSM,2011,95.1
YEM,2011,136.5
ZAF,2011,105.0
ZMB,2011,125.1
ZWE,2011,104.1
ABW,2012,66.9
AFG,2012,110.3
AGO,2012,199.2
ALB,2012,105.9
AND,2012,104.6
ARE,2012,124.9
ARG,2012,114.2
ARM,2012,104.3
ASM,2012,141.2
ATG,2012,118.3
AUS,2012,122.7
AUT,2012,99.0
AZE,2012,163.3
BDI,2012,111.6
BEL,2012,97.7
BEN,2012,120.7
BFA,2012,116.5
BGD,2012,86.7
BGR,2012,95.0
BHR,2012,109.8
BHS,2012,90.3
BIH,2012,97.9
BLR,2012,120.8
BLZ,2012,105.7
BMU,2012,90.5
BOL,2012,157.8
BRA,2012,120.4
BRB,2012,94.5
BRN,2012,137.0
BTN,2012,101.1
BWA,2012,85.5
CAF,2012,120.1
CAN,2012,111.6
CHE,2012,95.6
CHL,2012,109.1
CHN,2012,86.1
CIV,2012,88.7
CMR,2012,108.7
COD,2012,107.8
COG,2012,149.2
COL,2012,157.3
COM,2012,78.2
CPV,2012,95.3
CRI,2012,91.7
CUB,2012,100.8
CUW,2012,109.4086035116
CYM,2012,95.7
CYP,2012,101.3
CZE,2012,98.4
DEU,2012,92.9
DJI,2012,108.4
DMA,2012,96.4
DNK,2012,100.5
DOM,2012,94.7
DZA,2012,154.5
ECU,2012,140.2
EGY,2012,105.7
ERI,2012,125.1
ESP,2012,97.8
EST,2012,100.2
ETH,2012,99.5
FIN,2012,93.9
FJI,2012,105.0
FRA,2012,97.8
FRO,2012,83.3
FSM,2012,82.3
GAB,2012,146.7
GBR,2012,86.2
GEO,2012,101.3
GHA,2012,112.6
GIB,2012,85.6
GIN,2012,115.9
GMB,2012,97.6
GNB,2012,98.6
GNQ,2012,152.0
GRC,2012,97.6
GRD,2012,84.3
GRL,2012,80.7
GTM,2012,96.3
GUM,2012,99.4
GUY,2012,108.0
HKG,2012,98.9
HND,2012,97.2
HRV,2012,98.9
HTI,2012,98.3
HUN,2012,96.8
IDN,2012,102.8
IND,2012,88.1
IRL,2012,101.9
IRN,2012,135.9
IRQ,2012,200.2
ISL,2012,90.9
ISR,2012,87.3
ITA,2012,91.5
JAM,2012,101.2
JOR,2012,105.5
JPN,2012,90.7
KAZ,2012,155.2
KEN,2012,90.4
KGZ,2012,105.7
KHM,2012,89.9
KIR,2012,84.2
KNA,2012,102.8
KOR,2012,85.0
KWT,2012,158.3
LAO,2012,111.7
LBN,2012,95.1
LBR,2012,139.0
LBY,2012,167.0
LCA,2012,73.0
LKA,2012,89.4
LSO,2012,85.1
LTU,2012,95.2
LUX,2012,99.7
LVA,2012,97.2
MAC,2012,96.1
MAR,2012,105.3
MDA,2012,99.6
MDG,2012,89.0
MDV,2012,85.1
MEX,2012,100.2
MHL,2012,98.7
MKD,2012,90.4
MLI,2012,116.9
MLT,2012,88.6
MMR,2012,89.8
MNG,2012,129.1
MNP,2012,119.5
MOZ,2012,100.5
MRT,2012,126.2
MUS,2012,83.6
MWI,2012,93.1
MYS,2012,105.5
NAM,2012,96.2
NCL,2012,114.0
NER,2012,105.3
NGA,2012,153.1
NIC,2012,92.2
NLD,2012,96.9
NOR,2012,131.2
NPL,2012,90.4
NRU,2012,121.8
NZL,2012,90.6
OMN,2012,167.5
PAK,2012,97.3
PAN,2012,101.1
PER,2012,120.7
PHL,2012,92.6
PLW,2012,92.7
PNG,2012,119.6
POL,2012,97.5
PRK,2012,108.5
PRT,2012,94.4
PRY,2012,79.8
PSE,2012,87.6
PYF,2012,77.6
QAT,2012,140.7
ROU,2012,99.3
RUS,2012,146.6
RWA,2012,93.0
SAU,2012,157.8
SDN,2012,132.5014300339
SEN,2012,97.5
SGP,2012,92.5
SLB,2012,100.1
SLE,2012,122.0
SLV,2012,86.4
SOM,2012,97.1
SRB,2012,98.0
STP,2012,95.5
SUR,2012,120.4
SVK,2012,98.2
SVN,2012,97.5
SWE,2012,99.4
SWZ,2012,101.6
SYC,2012,93.6
SYR,2012,95.6
TCA,2012,77.1
TCD,2012,162.6
TGO,2012,95.8
THA,2012,92.4
TJK,2012,99.5
TKM,2012,120.0
TLS,2012,135.8
TON,2012,91.6
TTO,2012,101.0
TUN,2012,103.9
TUR,2012,91.0
TZA,2012,101.2
UGA,2012,93.5
UKR,2012,113.5
URY,2012,92.9
USA,2012,94.7
UZB,2012,111.4
VCT,2012,91.5
VEN,2012,184.1
VGB,2012,88.6
VNM,2012,95.9
VUT,2012,91.2
WLD,2012,99.5
WSM,2012,96.1
YEM,2012,137.2
ZAF,2012,104.3
ZMB,2012,115.0
ZWE,2012,94.7
ABW,2013,57.0
AFG,2013,105.0
AGO,2013,195.1
ALB,2013,105.4
AND,2013,105.1
ARE,2013,124.6
ARG,2013,106.9
ARM,2013,99.1
ASM,2013,78.6
ATG,2013,116.7
AUS,2013,119.3
AUT,2013,99.6
AZE,2013,163.4
BDI,2013,97.9
BEL,2013,98.0
BEN,2013,114.7
BFA,2013,105.8
BGD,2013,86.9
BGR,2013,95.5
BHR,2013,108.9
BHS,2013,91.9
BIH,2013,95.9
BLR,2013,118.4
BLZ,2013,101.4
BMU,2013,97.1
BOL,2013,141.0
BRA,2013,117.1
BRB,2013,97.4
BRN,2013,146.3
BTN,2013,100.6
BWA,2013,76.6
CAF,2013,116.3
CAN,2013,112.7
CHE,2013,94.1
CHL,2013,105.7
CHN,2013,87.2
CIV,2013,87.7
CMR,2013,108.1
COD,2013,100.5
COG,2013,146.6
COL,2013,145.9
COM,2013,83.4
CPV,2013,93.9
CRI,2013,90.7
CUB,2013,99.4
CUW,2013,109.3581705014
CYM,2013,94.9
CYP,2013,99.8
CZE,2013,98.7
DEU,2013,94.8
DJI,2013,108.5
DMA,2013,101.0
DNK,2013,100.9
DOM,2013,92.4
DZA,2013,150.4
ECU,2013,140.8
EGY,2013,105.7
ERI,2013,113.7
ESP,2013,98.3
EST,2013,100.7
ETH,2013,94.8
FIN,2013,95.1
FJI,2013,103.3
FRA,2013,97.4
FRO,2013,85.2
FSM,2013,83.1
GAB,2013,145.5
GBR,2013,108.7
GEO,2013,98.9
GHA,2013,107.6
GIB,2013,85.6
GIN,2013,108.6
GMB,2013,99.8
GNB,2013,101.3
GNQ,2013,157.5
GRC,2013,97.9
GRD,2013,85.9
GRL,2013,89.4
GTM,2013,94.4
GUM,2013,97.3
GUY,2013,96.9
HKG,2013,98.8
HND,2013,91.5
HRV,2013,98.2
HTI,2013,92.2
HUN,2013,98.8
IDN,2013,100.0
IND,2013,90.5
IRL,2013,97.7
IRN,2013,138.2
IRQ,2013,194.3
ISL,2013,86.6
ISR,2013,89.9
ITA,2013,94.2
JAM,2013,97.0
JOR,2013,98.2
JPN,2013,88.6
KAZ,2013,154.4
KEN,2013,88.7
KGZ,2013,101.3
KHM,2013,89.3
KIR,2013,87.0
KNA,2013,99.7
KOR,2013,87.8
KWT,2013,159.6
LAO,2013,107.3
LBN,2013,92.0
LBR,2013,124.3
LBY,2013,167.4
LCA,2013,72.9
LKA,2013,93.6
LSO,2013,81.5
LTU,2013,95.8
LUX,2013,99.1
LVA,2013,98.3
MAC,2013,96.7
MAF,2013,104.6840356758
MAR,2013,104.4
MDA,2013,98.1
MDG,2013,90.0
MDV,2013,86.1
MEX,2013,97.7
MHL,2013,98.4
MKD,2013,90.9
MLI,2013,106.3
MLT,2013,91.5
MMR,2013,95.2
MNG,2013,122.1
MNP,2013,115.4
MOZ,2013,100.2
MRT,2013,132.4
MUS,2013,88.7
MWI,2013,95.7
MYS,2013,103.3
NAM,2013,91.3
NCL,2013,106.7
NER,2013,109.2
NGA,2013,154.2
NIC,2013,85.0
NLD,2013,97.2
NOR,2013,129.7
NPL,2013,92.1
NRU,2013,101.8
NZL,2013,98.7
OMN,2013,163.3
PAK,2013,92.9
PAN,2013,100.6
PER,2013,113.5
PHL,2013,90.8
PLW,2013,92.2
PNG,2013,113.8
POL,2013,98.2
PRK,2013,105.7
PRT,2013,95.9
PRY,2013,88.2
PSE,2013,87.2
PYF,2013,67.9
QAT,2013,150.1
ROU,2013,98.6
RUS,2013,136.9
RWA,2013,89.5
SAU,2013,155.7
SDN,2013,125.4990175934
SEN,2013,95.8
SGP,2013,94.1
SLB,2013,100.1
SLE,2013,120.9
SLV,2013,87.5
SOM,2013,102.4
SRB,2013,96.7
STP,2013,98.3
SUR,2013,109.4
SVK,2013,97.8
SVN,2013,98.3
SWE,2013,99.1
SWZ,2013,98.6
SXM,2013,104.6840356758
SYC,2013,102.5
SYR,2013,97.8
TCA,2013,106.0
TCD,2013,164.1
TGO,2013,90.0
THA,2013,93.9
TJK,2013,96.1
TKM,2013,133.2
TLS,2013,134.1
TON,2013,93.7
TTO,2013,102.5
TUN,2013,108.8
TUR,2013,92.6
TZA,2013,95.8
UGA,2013,90.0
UKR,2013,113.1
URY,2013,94.5
USA,2013,95.3
UZB,2013,112.0
VCT,2013,93.4
VEN,2013,180.4
VGB,2013,84.0
VNM,2013,95.8
VUT,2013,94.6
WLD,2013,100.4
WSM,2013,92.4
YEM,2013,140.7
ZAF,2013,98.7
ZMB,2013,110.3
ZWE,2013,92.9
ABW,2014,109.2
AFG,2014,103.3
AGO,2014,174.9
ALB,2014,108.4
AND,2014,103.7
ARE,2014,122.3
ARG,2014,104.7
ARM,2014,99.3
ASM,2014,77.9
ATG,2014,102.2
AUS,2014,111.3
AUT,2014,99.1
AZE,2014,154.1
BDI,2014,95.8
BEL,2014,98.7
BEN,2014,112.2
BFA,2014,97.7
BGD,2014,89.3
BGR,2014,96.0
BHR,2014,110.0
BHS,2014,93.3
BIH,2014,96.4
BLR,2014,116.9
BLZ,2014,104.0
BMU,2014,107.6
BOL,2014,133.6
BRA,2014,113.2
BRB,2014,97.7
BRN,2014,142.9
BTN,2014,99.6
BWA,2014,88.9
CAF,2014,124.4
CAN,2014,112.0
CHE,2014,94.9
CHL,2014,102.7
CHN,2014,89.6
CIV,2014,94.4
CMR,2014,109.6
COD,2014,105.0
COG,2014,137.4
COL,2014,132.8
COM,2014,89.1
CPV,2014,95.1
CRI,2014,93.0
CUB,2014,103.4
CUW,2014,109.1554207416
CYM,2014,97.6
CYP,2014,99.9
CZE,2014,99.6
DEU,2014,97.2
DJI,2014,108.9
DMA,2014,101.7
DNK,2014,99.4
DOM,2014,92.1
DZA,2014,143.4
ECU,2014,131.9
EGY,2014,104.7
ERI,2014,105.8
ESP,2014,98.0
EST,2014,100.1
ETH,2014,101.0
FIN,2014,95.9
FJI,2014,103.6
FRA,2014,97.5
FRO,2014,89.1
FSM,2014,85.3
GAB,2014,138.3
GBR,2014,99.5
GEO,2014,98.2
GHA,2014,107.2
GIB,2014,89.7
GIN,2014,104.0
GMB,2014,103.6
GNB,2014,94.4
GNQ,2014,144.9
GRC,2014,98.0
GRD,2014,88.3
GRL,2014,94.8
GTM,2014,95.0
GUM,2014,98.7
GUY,2014,92.9
HKG,2014,99.3
HND,2014,94.8
HRV,2014,99.1
HTI,2014,95.0
HUN,2014,99.4
IDN,2014,100.8
IND,2014,91.8
IRL,2014,96.4
IRN,2014,134.6
IRQ,2014,177.9
ISL,2014,90.3
ISR,2014,90.6
ITA,2014,97.2
JAM,2014,98.1
JOR,2014,94.4
JPN,2014,87.6
KAZ,2014,145.5
KEN,2014,87.6
KGZ,2014,97.1
KHM,2014,90.5
KIR,2014,93.1
KNA,2014,103.9
KOR,2014,89.3
KWT,2014,151.2
LAO,2014,105.3
LBN,2014,92.6
LBR,2014,106.3
LBY,2014,150.6
LCA,2014,91.5
LKA,2014,97.5
LSO,2014,88.2
LTU,2014,97.9
LUX,2014,97.0
LVA,2014,98.6
MAC,2014,97.6
MAF,2014,104.0398262244
MAR,2014,103.0
MDA,2014,94.6
MDG,2014,98.1
MDV,2014,88.4
MEX,2014,97.7
MHL,2014,98.6
MKD,2014,91.9
MLI,2014,98.9
MLT,2014,91.6
MMR,2014,97.8
MNG,2014,112.1
MNP,2014,89.3
MOZ,2014,96.9
MRT,2014,116.2
MUS,2014,88.1
MWI,2014,96.6
MYS,2014,103.5
NAM,2014,97.1
NCL,2014,112.6
NER,2014,103.0
NGA,2014,146.2
NIC,2014,84.9
NLD,2014,98.9
NOR,2014,119.2
NPL,2014,93.3
NRU,2014,91.4
NZL,2014,104.3
OMN,2014,163.1
PAK,2014,96.4
PAN,2014,102.7
PER,2014,107.4
PHL,2014,94.8
PLW,2014,89.8
PNG,2014,113.9
POL,2014,98.3
PRK,2014,102.5
PRT,2014,97.1
PRY,2014,98.4
PSE,2014,89.7
PYF,2014,83.8
QAT,2014,147.2
ROU,2014,98.2
RUS,2014,131.5
RWA,2014,97.2
SAU,2014,150.0
SDN,2014,128.758378373
SEN,2014,96.5
SGP,2014,93.1
SLB,2014,110.4
SLE,2014,119.9
SLV,2014,89.5
SOM,2014,108.8
SRB,2014,96.4
STP,2014,103.7
SUR,2014,104.1
SVK,2014,100.9
SVN,2014,98.8
SWE,2014,99.3
SWZ,2014,97.0
SXM,2014,104.0398262244
SYC,2014,99.5
SYR,2014,100.3
TCA,2014,103.8
TCD,2014,151.2
TGO,2014,88.5
THA,2014,93.8
TJK,2014,98.7
TKM,2014,128.5
TLS,2014,133.0
TON,2014,92.2
TTO,2014,105.0
TUN,2014,108.8
TUR,2014,93.9
TZA,2014,94.5
UGA,2014,96.7
UKR,2014,109.1
URY,2014,98.1
USA,2014,95.9
UZB,2014,107.8
VCT,2014,90.5
VEN,2014,169.6
VGB,2014,91.3
VNM,2014,97.9
VUT,2014,99.6
WLD,2014,100.3
WSM,2014,89.7
YEM,2014,136.7
ZAF,2014,97.5
ZMB,2014,106.8
ZWE,2014,99.1
ABW,2015,100.0
AFG,2015,100.0
AGO,2015,100.0
ALB,2015,100.0
AND,2015,100.0
ARE,2015,100.0
ARG,2015,100.0
ARM,2015,100.0
ASM,2015,100.0
ATG,2015,100.0
AUS,2015,100.0
AUT,2015,100.0
AZE,2015,100.0
BDI,2015,100.0
BEL,2015,100.0
BEN,2015,100.0
BFA,2015,100.0
BGD,2015,100.0
BGR,2015,100.0
BHR,2015,100.0
BHS,2015,100.0
BIH,2015,100.0
BLR,2015,100.0
BLZ,2015,100.0
BMU,2015,100.0
BOL,2015,100.0
BRA,2015,100.0
BRB,2015,100.0
BRN,2015,100.0
BTN,2015,100.0
BWA,2015,100.0
CAF,2015,100.0
CAN,2015,100.0
CHE,2015,100.0
CHL,2015,100.0
CHN,2015,100.0
CIV,2015,100.0
CMR,2015,100.0
COD,2015,100.0
COG,2015,100.0
COL,2015,100.0
COM,2015,100.0
CPV,2015,100.0
CRI,2015,100.0
CUB,2015,100.0
CUW,2015,100.0
CYM,2015,100.0
CYP,2015,100.0
CZE,2015,100.0
DEU,2015,100.0
DJI,2015,100.0
DMA,2015,100.0
DNK,2015,100.0
DOM,2015,100.0
DZA,2015,100.0
ECU,2015,100.0
EGY,2015,100.0
ERI,2015,100.0
ESP,2015,100.0
EST,2015,100.0
ETH,2015,100.0
FIN,2015,100.0
FJI,2015,100.0
FRA,2015,100.0
FRO,2015,100.0
FSM,2015,100.0
GAB,2015,100.0
GBR,2015,100.0
GEO,2015,100.0
GHA,2015,100.0
GIB,2015,100.0
GIN,2015,100.0
GMB,2015,100.0
GNB,2015,100.0
GNQ,2015,100.0
GRC,2015,100.0
GRD,2015,100.0
GRL,2015,100.0
GTM,2015,100.0
GUM,2015,100.0
GUY,2015,100.0
HKG,2015,100.0
HND,2015,100.0
HRV,2015,100.0
HTI,2015,100.0
HUN,2015,100.0
IDN,2015,100.0
IND,2015,100.0
IRL,2015,100.0
IRN,2015,100.0
IRQ,2015,100.0
ISL,2015,100.0
ISR,2015,100.0
ITA,2015,100.0
JAM,2015,100.0
JOR,2015,100.0
JPN,2015,100.0
KAZ,2015,100.0
KEN,2015,100.0
KGZ,2015,100.0
KHM,2015,100.0
KIR,2015,100.0
KNA,2015,100.0
KOR,2015,100.0
KWT,2015,100.0
LAO,2015,100.0
LBN,2015,100.0
LBR,2015,100.0
LBY,2015,100.0
LCA,2015,100.0
LKA,2015,100.0
LSO,2015,100.0
LTU,2015,100.0
LUX,2015,100.0
LVA,2015,100.0
MAC,2015,100.0
MAF,2015,100.0
MAR,2015,100.0
MDA,2015,100.0
MDG,2015,100.0
MDV,2015,100.0
MEX,2015,100.0
MHL,2015,100.0
MKD,2015,100.0
MLI,2015,100.0
MLT,2015,100.0
MMR,2015,100.0
MNG,2015,100.0
MNP,2015,100.0
MOZ,2015,100.0
MRT,2015,100.0
MUS,2015,100.0
MWI,2015,100.0
MYS,2015,100.0
NAM,2015,100.0
NCL,2015,100.0
NER,2015,100.0
NGA,2015,100.0
NIC,2015,100.0
NLD,2015,100.0
NOR,2015,100.0
NPL,2015,100.0
NRU,2015,100.0
NZL,2015,100.0
OMN,2015,100.0
PAK,2015,100.0
PAN,2015,100.0
PER,2015,100.0
PHL,2015,100.0
PLW,2015,100.0
PNG,2015,100.0
POL,2015,100.0
PRK,2015,100.0
PRT,2015,100.0
PRY,2015,100.0
PSE,2015,100.0
PYF,2015,100.0
QAT,2015,100.0
ROU,2015,100.0
RUS,2015,100.0
RWA,2015,100.0
SAU,2015,100.0
SDN,2015,100.0
SEN,2015,100.0
SGP,2015,100.0
SLB,2015,100.0
SLE,2015,100.0
SLV,2015,100.0
SOM,2015,100.0
SRB,2015,100.0
STP,2015,100.0
SUR,2015,100.0
SVK,2015,100.0
SVN,2015,100.0
SWE,2015,100.0
SWZ,2015,100.0
SXM,2015,100.0
SYC,2015,100.0
SYR,2015,100.0
TCA,2015,100.0
TCD,2015,100.0
TGO,2015,100.0
THA,2015,100.0
TJK,2015,100.0
TKM,2015,100.0
TLS,2015,100.0
TON,2015,100.0
TTO,2015,100.0
TUN,2015,100.0
TUR,2015,100.0
TZA,2015,100.0
UGA,2015,100.0
UKR,2015,100.0
URY,2015,100.0
USA,2015,100.0
UZB,2015,100.0
VCT,2015,100.0
VEN,2015,100.0
VGB,2015,100.0
VNM,2015,100.0
VUT,2015,100.0
WLD,2015,100.0
WSM,2015,100.0
YEM,2015,100.0
ZAF,2015,100.0
ZMB,2015,100.0
ZWE,2015,100.0
ABW,2016,65.1
AFG,2016,105.1
AGO,2016,84.9
ALB,2016,99.0
AND,2016,104.1
ARE,2016,94.8
ARG,2016,106.1
ARM,2016,100.9
ASM,2016,108.7
ATG,2016,96.7
AUS,2016,99.9
AUT,2016,100.0
AZE,2016,87.1
BDI,2016,104.3
BEL,2016,101.3
BEN,2016,102.8
BFA,2016,110.9
BGD,2016,99.4
BGR,2016,101.8
BHR,2016,95.3
BHS,2016,101.2
BIH,2016,100.5
BLR,2016,94.1
BLZ,2016,110.7
BMU,2016,122.5
BOL,2016,84.5
BRA,2016,102.4
BRB,2016,103.6
BRN,2016,83.8
BTN,2016,97.7
BWA,2016,110.1
CAF,2016,100.7
CAN,2016,99.4
CHE,2016,101.7
CHL,2016,103.8
CHN,2016,99.8
CIV,2016,98.8
CMR,2016,95.8
COD,2016,94.5
COG,2016,92.4
COL,2016,98.9
COM,2016,99.6
CPV,2016,104.5
CRI,2016,103.3
CUB,2016,103.8
CUW,2016,95.6176518745
CYM,2016,97.6
CYP,2016,97.8
CZE,2016,100.5
DEU,2016,102.2
DJI,2016,98.7
DMA,2016,96.8
DNK,2016,99.8
DOM,2016,104.5
DZA,2016,82.5
ECU,2016,95.4
EGY,2016,100.1
ERI,2016,91.6
ESP,2016,101.9
EST,2016,101.9
ETH,2016,102.1
FIN,2016,99.7
FJI,2016,105.3
FRA,2016,99.5
FRO,2016,103.4
FSM,2016,109.5
GAB,2016,93.2
GBR,2016,89.9
GEO,2016,99.8
GHA,2016,100.7
GIB,2016,106.5
GIN,2016,100.9
GMB,2016,98.5
GNB,2016,107.7
GNQ,2016,85.0
GRC,2016,99.3
GRD,2016,101.9
GRL,2016,100.7
GTM,2016,108.0
GUM,2016,100.6
GUY,2016,110.7
HKG,2016,100.5
HND,2016,100.3
HRV,2016,99.0
HTI,2016,98.8
HUN,2016,101.2
IDN,2016,105.1
IND,2016,105.1
IRL,2016,101.5
IRN,2016,91.4
IRQ,2016,83.2
ISL,2016,98.1
ISR,2016,101.7
ITA,2016,102.6
JAM,2016,101.1
JOR,2016,90.6
JPN,2016,108.5
KAZ,2016,89.1
KEN,2016,97.4
KGZ,2016,106.8
KHM,2016,98.5
KIR,2016,105.9
KNA,2016,107.0
KOR,2016,101.0
KWT,2016,86.2
LAO,2016,96.7
LBN,2016,105.4
LBR,2016,101.9
LBY,2016,84.7
LCA,2016,101.5
LKA,2016,104.0
LSO,2016,106.0
LTU,2016,100.9
LUX,2016,97.4
LVA,2016,101.6
MAC,2016,100.3
MAF,2016,98.844918954
MAR,2016,100.4
MDA,2016,102.8
MDG,2016,93.5
MDV,2016,107.6
MEX,2016,103.2
MHL,2016,99.5
MKD,2016,104.0
MLI,2016,108.8
MLT,2016,102.0
MMR,2016,95.2
MNG,2016,99.8
MNP,2016,202.3
MOZ,2016,101.3
MRT,2016,101.2
MUS,2016,106.7
MWI,2016,104.6
MYS,2016,96.7
NAM,2016,103.7
NCL,2016,91.5
NER,2016,90.9
NGA,2016,88.8
NIC,2016,99.1
NLD,2016,100.7
NOR,2016,89.0
NPL,2016,101.3
NRU,2016,90.9
NZL,2016,100.3
OMN,2016,70.1
PAK,2016,106.3
PAN,2016,96.9
PER,2016,99.8
PHL,2016,103.9
PLW,2016,102.3
PNG,2016,96.7
POL,2016,100.3
PRK,2016,106.1
PRT,2016,100.9
PRY,2016,100.3
PSE,2016,104.2
PYF,2016,115.6
QAT,2016,83.0
ROU,2016,100.2
RUS,2016,81.5
RWA,2016,100.1
SAU,2016,89.0
SDN,2016,96.1032630323
SEN,2016,99.8
SGP,2016,98.4
SLB,2016,97.4
SLE,2016,107.4
SLV,2016,104.1
SOM,2016,93.9
SRB,2016,101.4
STP,2016,137.6
SUR,2016,105.2
SVK,2016,101.0
SVN,2016,100.2
SWE,2016,99.6
SWZ,2016,112.6
SXM,2016,98.844918954
SYC,2016,98.3
SYR,2016,98.4
TCA,2016,96.4
TCD,2016,88.0
TGO,2016,104.6
THA,2016,102.5
TJK,2016,99.5
TKM,2016,86.8
TLS,2016,86.5
TON,2016,104.4
TTO,2016,93.3
TUN,2016,101.3
TUR,2016,104.0
TZA,2016,108.8
UGA,2016,102.7
UKR,2016,99.8
URY,2016,102.8
USA,2016,100.1
UZB,2016,100.3
VCT,2016,103.3
VEN,2016,83.9
VGB,2016,101.2
VNM,2016,103.8
VUT,2016,99.7
WLD,2016,99.4
WSM,2016,103.0
YEM,2016,91.1
ZAF,2016,103.8
ZMB,2016,96.2
ZWE,2016,101.9
ABW,2017,67.9
AFG,2017,103.3
AGO,2017,105.0
ALB,2017,103.4
AND,2017,102.3
ARE,2017,100.2
ARG,2017,103.0
ARM,2017,106.3
ASM,2017,107.5
ATG,2017,96.6
AUS,2017,116.4
AUT,2017,98.7
AZE,2017,101.2
BDI,2017,103.7
BEL,2017,99.6
BEN,2017,105.1
BFA,2017,109.3
BGD,2017,94.5
BGR,2017,99.8
BHR,2017,101.2
BHS,2017,101.8
BIH,2017,101.2
BLR,2017,98.9
BLZ,2017,105.4
BMU,2017,122.0
BOL,2017,97.0
BRA,2017,108.2
BRB,2017,103.3
BRN,2017,95.8
BTN,2017,103.3
BWA,2017,94.5
CAF,2017,101.9
CAN,2017,102.5
CHE,2017,101.6
CHL,2017,114.3
CHN,2017,94.3
CIV,2017,85.4
CMR,2017,92.7
COD,2017,115.5
COG,2017,101.3
COL,2017,115.7
COM,2017,89.0
CPV,2017,100.7
CRI,2017,100.6
CUB,2017,101.7
CUW,2017,98.4192403935
CYM,2017,90.2
CYP,2017,97.6
CZE,2017,99.4
DEU,2017,100.2
DJI,2017,100.5
DMA,2017,93.3
DNK,2017,99.4
DOM,2017,99.7
DZA,2017,93.9
ECU,2017,103.4
EGY,2017,100.2
ERI,2017,100.4
ESP,2017,100.4
EST,2017,100.5
ETH,2017,98.2
FIN,2017,98.2
FJI,2017,104.9
FRA,2017,97.6
FRO,2017,104.0
FSM,2017,106.9
GAB,2017,103.1
GBR,2017,91.7
GEO,2017,102.8
GHA,2017,94.8
GIB,2017,99.5
GIN,2017,105.7
GMB,2017,100.0
GNB,2017,97.6
GNQ,2017,99.5
GRC,2017,99.9
GRD,2017,93.4
GRL,2017,102.0
GTM,2017,102.3
GUM,2017,102.3
GUY,2017,108.0
HKG,2017,100.2
HND,2017,100.6
HRV,2017,97.9
HTI,2017,101.7
HUN,2017,102.0
IDN,2017,108.1
IND,2017,100.4
IRL,2017,97.5
IRN,2017,102.9
IRQ,2017,105.7
ISL,2017,97.1
ISR,2017,93.6
ITA,2017,99.7
JAM,2017,109.5
JOR,2017,92.8
JPN,2017,103.0
KAZ,2017,101.8
KEN,2017,100.7
KGZ,2017,108.7
KHM,2017,94.1
KIR,2017,107.9
KNA,2017,105.3
KOR,2017,100.6
KWT,2017,99.1
LAO,2017,102.8
LBN,2017,102.8
LBR,2017,100.9
LBY,2017,100.2
LCA,2017,100.9
LKA,2017,105.3
LSO,2017,100.1
LTU,2017,100.2
LUX,2017,96.1
LVA,2017,100.3
MAC,2017,100.4
MAF,2017,107.2911566912
MAR,2017,95.5
MDA,2017,102.7
MDG,2017,89.3
MDV,2017,111.0
MEX,2017,102.7
MHL,2017,102.5
MKD,2017,102.5
MLI,2017,105.6
MLT,2017,100.0
MMR,2017,99.8
MNG,2017,114.6
MNP,2017,171.2
MOZ,2017,108.1
MRT,2017,108.8
MUS,2017,99.9
MWI,2017,99.9
MYS,2017,97.7
NAM,2017,105.3
NCL,2017,101.7
NER,2017,93.1
NGA,2017,100.3
NIC,2017,96.9
NLD,2017,99.9
NOR,2017,96.6
NPL,2017,98.5
NRU,2017,93.3
NZL,2017,109.5
OMN,2017,77.5
PAK,2017,105.5
PAN,2017,94.7
PER,2017,107.2
PHL,2017,101.1
PLW,2017,100.7
PNG,2017,101.0
POL,2017,99.0
PRK,2017,114.3
PRT,2017,99.6
PRY,2017,99.2
PSE,2017,100.6
PYF,2017,103.9
QAT,2017,95.4
ROU,2017,98.0
RUS,2017,92.2
RWA,2017,109.5
SAU,2017,111.9
SDN,2017,107.6715721607
SEN,2017,101.4
SGP,2017,96.2
SLB,2017,97.6
SLE,2017,111.0
SLV,2017,101.4
SOM,2017,101.9
SRB,2017,99.7
STP,2017,111.3
SUR,2017,103.4
SVK,2017,102.7
SVN,2017,99.0
SWE,2017,97.9
SWZ,2017,105.8
SXM,2017,107.2911566912
SYC,2017,95.0
SYR,2017,100.5
TCA,2017,100.3
TCD,2017,100.0
TGO,2017,101.8
THA,2017,100.7
TJK,2017,112.5
TKM,2017,99.1
TLS,2017,87.2
TON,2017,101.8
TTO,2017,97.6
TUN,2017,97.4
TUR,2017,98.6
TZA,2017,103.7
UGA,2017,98.2
UKR,2017,101.5
URY,2017,102.3
USA,2017,99.6
UZB,2017,104.2
VCT,2017,100.5
VEN,2017,98.3
VGB,2017,99.0
VNM,2017,104.2
VUT,2017,93.1
WLD,2017,99.6
WSM,2017,102.9
YEM,2017,96.0
ZAF,2017,108.5
ZMB,2017,106.6
ZWE,2017,100.5
ABW,2018,66.1
AFG,2018,102.9
AGO,2018,132.4
ALB,2018,101.0
AND,2018,98.4
ARE,2018,106.4
ARG,2018,104.2
ARM,2018,106.8
ASM,2018,130.9
ATG,2018,79.2
AUS,2018,118.6
AUT,2018,97.5
AZE,2018,118.7
BDI,2018,94.8
BEL,2018,97.6
BEN,2018,107.5
BFA,2018,105.9
BGD,2018,91.1
BGR,2018,97.1
BHR,2018,104.7
BHS,2018,101.5
BIH,2018,102.1
BLR,2018,101.9
BLZ,2018,97.4
BMU,2018,127.9
BOL,2018,97.0
BRA,2018,106.9
BRB,2018,103.0
BRN,2018,109.1
BTN,2018,108.4
BWA,2018,89.6
CAF,2018,100.0
CAN,2018,104.0
CHE,2018,103.3
CHL,2018,111.3
CHN,2018,91.5
CIV,2018,86.3
CMR,2018,96.5
COD,2018,123.7
COG,2018,112.1
COL,2018,126.5
COM,2018,74.0
CPV,2018,101.6
CRI,2018,98.8
CUB,2018,93.4
CUW,2018,100.4128073917
CYM,2018,89.1
CYP,2018,100.9
CZE,2018,100.2
DEU,2018,99.0
DJI,2018,101.3
DMA,2018,90.0
DNK,2018,97.9
DOM,2018,95.0
DZA,2018,111.0
ECU,2018,113.1
EGY,2018,101.9
ERI,2018,100.5
ESP,2018,98.2
EST,2018,101.0
ETH,2018,92.2
FIN,2018,96.7
FJI,2018,101.3
FRA,2018,96.6
FRO,2018,103.8
FSM,2018,102.1
GAB,2018,116.3
GBR,2018,96.5
GEO,2018,103.0
GHA,2018,99.5
GIB,2018,88.5
GIN,2018,105.3
GMB,2018,103.0
GNB,2018,98.6
GNQ,2018,117.2
GRC,2018,99.2
GRD,2018,88.0
GRL,2018,98.9
GTM,2018,97.9
GUM,2018,105.3
GUY,2018,101.9
HKG,2018,100.1
HND,2018,94.4
HRV,2018,95.9
HTI,2018,94.7
HUN,2018,101.1
IDN,2018,103.7
IND,2018,95.6
IRL,2018,92.3
IRN,2018,116.9
IRQ,2018,135.8
ISL,2018,93.9
ISR,2018,90.5
ITA,2018,99.0
JAM,2018,109.8
JOR,2018,98.9
JPN,2018,97.1
KAZ,2018,114.9
KEN,2018,95.8
KGZ,2018,105.8
KHM,2018,90.7
KIR,2018,108.8
KNA,2018,107.8
KOR,2018,95.4
KWT,2018,116.1
LAO,2018,108.1
LBN,2018,99.4
LBR,2018,99.9
LBY,2018,125.3
LCA,2018,93.8
LKA,2018,105.6
LSO,2018,95.6
LTU,2018,101.4
LUX,2018,93.3
LVA,2018,102.5
MAC,2018,100.3
MAF,2018,111.8240753172
MAR,2018,92.9
MDA,2018,98.9
MDG,2018,84.5
MDV,2018,110.9
MEX,2018,102.0
MHL,2018,101.1
MKD,2018,100.3
MLI,2018,101.7
MLT,2018,109.6
MMR,2018,100.0
MNG,2018,117.9
MNP,2018,128.7
MOZ,2018,111.0
MRT,2018,106.2
MUS,2018,94.3
MWI,2018,95.9
MYS,2018,97.4
NAM,2018,103.5
NCL,2018,111.0
NER,2018,99.5
NGA,2018,114.9
NIC,2018,88.9
NLD,2018,99.8
NOR,2018,107.3
NPL,2018,94.5
NRU,2018,96.0
NZL,2018,108.8
OMN,2018,86.0
PAK,2018,104.6
PAN,2018,93.4
PER,2018,106.7
PHL,2018,98.0
PLW,2018,101.5
PNG,2018,100.8
POL,2018,97.4
PRK,2018,83.3
PRT,2018,98.5
PRY,2018,96.9
PSE,2018,95.9
PYF,2018,96.8
QAT,2018,110.6
ROU,2018,96.7
RUS,2018,108.1
RWA,2018,105.1
SAU,2018,125.0
SDN,2018,106.5071148762
SEN,2018,102.5
SGP,2018,95.0
SLB,2018,95.9
SLE,2018,110.5
SLV,2018,97.4
SOM,2018,102.9
SRB,2018,98.3
STP,2018,115.3
SUR,2018,101.5
SVK,2018,102.4
SVN,2018,97.5
SWE,2018,97.6
SWZ,2018,97.7
SXM,2018,111.8240753172
SYC,2018,95.3
SYR,2018,100.9
TCA,2018,98.3
TCD,2018,115.8
TGO,2018,101.0
THA,2018,98.5
TJK,2018,112.2
TKM,2018,111.9
TLS,2018,92.3
TON,2018,99.1
TTO,2018,103.5
TUN,2018,96.9
TUR,2018,95.0
TZA,2018,100.4
UGA,2018,93.9
UKR,2018,101.0
URY,2018,97.4
USA,2018,99.8
UZB,2018,105.9
VCT,2018,104.5
VEN,2018,119.2
VGB,2018,97.3
VNM,2018,102.6
VUT,2018,93.0
WLD,2018,99.8
WSM,2018,103.1
YEM,2018,101.6
ZAF,2018,106.3
ZMB,2018,105.0
ZWE,2018,98.4
ABW,2019,102.8
AFG,2019,97.6
AGO,2019,121.6
ALB,2019,101.0
AND,2019,97.4
ARE,2019,101.7
ARG,2019,103.4
ARM,2019,106.3
ASM,2019,187.3
ATG,2019,82.8
AUS,2019,130.2
AUT,2019,97.4
AZE,2019,108.4
BDI,2019,96.4
BEL,2019,97.2
BEN,2019,102.0
BFA,2019,112.7
BGD,2019,96.9
BGR,2019,96.9
BHR,2019,101.9
BHS,2019,99.8
BIH,2019,101.9
BLR,2019,101.2
BLZ,2019,91.0
BMU,2019,122.3
BOL,2019,90.9
BRA,2019,107.0
BRB,2019,103.9
BRN,2019,91.3
BTN,2019,102.0
BWA,2019,89.2
CAF,2019,95.8
CAN,2019,102.1
CHE,2019,105.5
CHL,2019,109.4
CHN,2019,92.7
CIV,2019,87.3
CMR,2019,93.3
COD,2019,114.5
COG,2019,103.7
COL,2019,124.8
COM,2019,71.2
CPV,2019,102.1
CRI,2019,98.6
CUB,2019,95.3
CUW,2019,100.0698537314
CYM,2019,89.0
CYP,2019,98.2
CZE,2019,100.4
DEU,2019,100.4
DJI,2019,102.6
DMA,2019,93.0
DNK,2019,102.8
DOM,2019,99.3
DZA,2019,101.7
ECU,2019,109.0
EGY,2019,100.9
ERI,2019,89.4
ESP,2019,98.6
EST,2019,100.5
ETH,2019,92.2
FIN,2019,96.4
FJI,2019,102.6
FRA,2019,97.1
FRO,2019,105.5
FSM,2019,105.1
GAB,2019,108.4
GBR,2019,88.6
GEO,2019,102.4
GHA,2019,100.0
GIB,2019,91.2
GIN,2019,104.4
GMB,2019,100.2
GNB,2019,90.8
GNQ,2019,103.0
GRC,2019,98.3
GRD,2019,86.8
GRL,2019,100.1
GTM,2019,96.7
GUM,2019,103.1
GUY,2019,107.0
HKG,2019,100.0
HND,2019,93.6
HRV,2019,96.3
HTI,2019,93.8
HUN,2019,101.8
IDN,2019,98.5
IND,2019,97.9
IRL,2019,90.3
IRN,2019,110.5
IRQ,2019,127.5
ISL,2019,94.8
ISR,2019,92.6
ITA,2019,102.5
JAM,2019,100.6
JOR,2019,95.4
JPN,2019,98.7
KAZ,2019,106.5
KEN,2019,94.2
KGZ,2019,110.3
KHM,2019,92.5
KIR,2019,110.2
KNA,2019,107.7
KOR,2019,91.5
KWT,2019,106.3
LAO,2019,101.6
LBN,2019,98.1
LBR,2019,105.4
LBY,2019,114.8
LCA,2019,95.2
LKA,2019,103.7
LSO,2019,94.6
LTU,2019,101.5
LUX,2019,91.5
LVA,2019,102.4
MAC,2019,101.5
MAF,2019,110.4921907931
MAR,2019,93.5
MDA,2019,98.3
MDG,2019,84.2
MDV,2019,87.2
MEX,2019,105.2
MHL,2019,101.1
MKD,2019,102.7
MLI,2019,109.7
MLT,2019,109.6
MMR,2019,96.0
MNG,2019,105.5
MNP,2019,123.6
MOZ,2019,98.1
MRT,2019,120.2
MUS,2019,97.3
MWI,2019,92.5
MYS,2019,98.5
NAM,2019,102.5
NCL,2019,109.8
NER,2019,103.1
NGA,2019,105.4
NIC,2019,92.0
NLD,2019,99.7
NOR,2019,93.5
NPL,2019,96.4
NRU,2019,58.3
NZL,2019,110.2
OMN,2019,79.9
PAK,2019,108.6
PAN,2019,93.5
PER,2019,104.9
PHL,2019,99.3
PLW,2019,103.4
PNG,2019,95.8
POL,2019,98.1
PRK,2019,83.1
PRT,2019,98.2
PRY,2019,93.6
PSE,2019,98.3
PYF,2019,90.8
QAT,2019,91.9
ROU,2019,96.1
RUS,2019,109.3
RWA,2019,107.7
SAU,2019,127.7
SDN,2019,113.2201000399
SEN,2019,106.1
SGP,2019,94.5
SLB,2019,89.9
SLE,2019,106.7
SLV,2019,99.0
SOM,2019,105.5
SRB,2019,99.5
STP,2019,119.1
SUR,2019,107.2
SVK,2019,100.9
SVN,2019,98.0
SWE,2019,100.0
SWZ,2019,99.4
SXM,2019,110.4921907931
SYC,2019,94.6
SYR,2019,100.7
TCA,2019,99.5
TCD,2019,112.7
TGO,2019,101.8
THA,2019,98.6
TJK,2019,106.0
TKM,2019,91.1
TLS,2019,89.0
TON,2019,100.4
TTO,2019,95.4
TUN,2019,97.0
TUR,2019,94.7
TZA,2019,102.4
UGA,2019,96.7
UKR,2019,100.9
URY,2019,100.4
USA,2019,100.3
UZB,2019,101.0
VCT,2019,89.8
VGB,2019,92.8
VNM,2019,105.1
VUT,2019,91.2
WLD,2019,99.7
WSM,2019,99.9
YEM,2019,99.0
ZAF,2019,112.0
ZMB,2019,100.8
ZWE,2019,100.0
ABW,2020,93.4
AFG,2020,111.2
AGO,2020,79.1
ALB,2020,100.7
AND,2020,101.3
ARE,2020,90.8
ARG,2020,104.0
ARM,2020,112.3
ASM,2020,198.9
ATG,2020,88.1
AUS,2020,131.2
AUT,2020,98.6
AZE,2020,75.4
BDI,2020,108.2
BEL,2020,99.5
BEN,2020,100.8
BFA,2020,138.3
BGD,2020,101.3
BGR,2020,101.2
BHR,2020,102.6
BHS,2020,102.2
BIH,2020,104.1
BLR,2020,98.1
BLZ,2020,101.9
BMU,2020,123.5
BOL,2020,78.0
BRA,2020,107.7
BRB,2020,107.5
BRN,2020,74.5
BTN,2020,100.1
BWA,2020,87.9
CAF,2020,107.5
CAN,2020,96.7
CHE,2020,107.7
CHL,2020,121.8
CHN,2020,98.5
CIV,2020,91.2
CMR,2020,84.9
COD,2020,114.8
COG,2020,79.1
COL,2020,105.3
COM,2020,71.1
CPV,2020,101.7
CRI,2020,100.9
CUB,2020,97.8
CUW,2020,95.2515134044
CYM,2020,88.3
CYP,2020,89.9
CZE,2020,101.1
DEU,2020,101.4
DJI,2020,101.7
DMA,2020,105.5
DNK,2020,101.4
DOM,2020,110.2
DZA,2020,72.9
ECU,2020,94.5
EGY,2020,98.1
ERI,2020,90.1
ESP,2020,101.0
EST,2020,103.7
ETH,2020,101.6
FIN,2020,96.8
FJI,2020,104.7
FRA,2020,98.4
FRO,2020,102.2
FSM,2020,111.2
GAB,2020,86.0
GBR,2020,83.8
GEO,2020,105.0
GHA,2020,99.5
GIB,2020,114.1
GIN,2020,113.8
GMB,2020,100.7
GNB,2020,96.2
GNQ,2020,74.9
GRC,2020,95.4
GRD,2020,89.0
GRL,2020,102.7
GTM,2020,103.9
GUM,2020,102.7
GUY,2020,125.6
HKG,2020,100.7
HND,2020,99.0
HRV,2020,94.4
HTI,2020,97.2
HUN,2020,104.1
IDN,2020,102.2
IND,2020,103.1
IRL,2020,85.8
IRN,2020,96.6
IRQ,2020,81.0
ISL,2020,93.2
ISR,2020,90.5
ITA,2020,107.2
JAM,2020,98.8
JOR,2020,95.8
JPN,2020,106.5
KAZ,2020,85.9
KEN,2020,98.4
KGZ,2020,126.6
KHM,2020,97.9
KIR,2020,108.6
KNA,2020,104.4
KOR,2020,94.9
KWT,2020,78.3
LAO,2020,102.5
LBN,2020,112.2
LBR,2020,114.8
LBY,2020,74.0
LCA,2020,107.8
LKA,2020,106.2
LSO,2020,97.4
LTU,2020,103.8
LUX,2020,92.7
LVA,2020,103.7
MAC,2020,103.3
MAF,2020,110.7456753485
MAR,2020,98.0
MDA,2020,112.6
MDG,2020,85.8
MDV,2020,103.8
MEX,2020,107.9
MHL,2020,99.7
MKD,2020,106.9
MLI,2020,141.4
MLT,2020,121.4
MMR,2020,96.1
MNG,2020,108.1
MNP,2020,122.1
MOZ,2020,96.5
MRT,2020,134.8
MUS,2020,101.6
MWI,2020,92.0
MYS,2020,99.0
NAM,2020,105.9
NCL,2020,109.6
NER,2020,100.5
NGA,2020,78.8
NIC,2020,108.4
NLD,2020,98.7
NOR,2020,72.5
NPL,2020,110.4
NRU,2020,88.1
NZL,2020,112.8
OMN,2020,66.7
PAK,2020,113.6
PAN,2020,93.5
PER,2020,114.6
PHL,2020,101.6
PLW,2020,103.9
PNG,2020,92.7
POL,2020,100.5
PRK,2020,82.4
PRT,2020,97.7
PRY,2020,124.9
PSE,2020,104.4
PYF,2020,89.7
QAT,2020,68.9
ROU,2020,96.9
RUS,2020,89.2
RWA,2020,116.3
SAU,2020,113.2
SDN,2020,116.8786399391
SEN,2020,111.1
SGP,2020,91.0
SLB,2020,96.3
SLE,2020,102.8
SLV,2020,103.3
SOM,2020,112.0
SRB,2020,102.9
STP,2020,123.1
SUR,2020,134.2
SVK,2020,102.8
SVN,2020,102.6
SWE,2020,100.0
SWZ,2020,101.8
SXM,2020,110.7456753485
SYC,2020,91.0
SYR,2020,99.1
TCA,2020,78.5
TCD,2020,96.2
TGO,2020,99.7
THA,2020,101.5
TJK,2020,106.9
TKM,2020,72.2
TLS,2020,71.7
TON,2020,114.3
TTO,2020,87.0
TUN,2020,100.1
TUR,2020,99.6
TZA,2020,117.7
UGA,2020,106.3
UKR,2020,106.0
URY,2020,107.6
USA,2020,100.0
UZB,2020,105.5
VCT,2020,82.3
VGB,2020,91.0
VNM,2020,104.3
VUT,2020,99.1
WLD,2020,99.7
WSM,2020,102.9
YEM,2020,85.2
ZAF,2020,123.6
ZMB,2020,105.2
ZWE,2020,107.1
ABW,2021,136.5
AFG,2021,100.6
AGO,2021,128.9
ALB,2021,100.2
AND,2021,95.5
ARE,2021,108.3
ARG,2021,113.9
ARM,2021,112.5
ASM,2021,189.4
ATG,2021,87.7
AUS,2021,163.7
AUT,2021,96.5
AZE,2021,119.7
BDI,2021,104.9
BEL,2021,98.5
BEN,2021,108.4
BFA,2021,113.5
BGD,2021,83.6
BGR,2021,99.9
BHR,2021,139.4
BHS,2021,104.8
BIH,2021,105.4
BLR,2021,100.4
BLZ,2021,87.9
BMU,2021,128.0
BOL,2021,85.7
BRA,2021,123.2
BRB,2021,101.4
BRN,2021,110.9
BTN,2021,135.7
BWA,2021,79.3
CAF,2021,105.3
CAN,2021,112.5
CHE,2021,104.6
CHL,2021,136.8
CHN,2021,89.2
CIV,2021,85.9
CMR,2021,107.3
COD,2021,149.2
COG,2021,112.0
COL,2021,126.4
COM,2021,69.9
CPV,2021,94.6
CRI,2021,97.3
CUB,2021,99.3
CUW,2021,100.2957399259
CYM,2021,74.3
CYP,2021,86.8
CZE,2021,98.3
DEU,2021,98.7
DJI,2021,98.4
DMA,2021,81.0
DNK,2021,98.0
DOM,2021,100.4
DZA,2021,99.4
ECU,2021,107.4
EGY,2021,103.3
ERI,2021,93.7
ESP,2021,96.5
EST,2021,101.7
ETH,2021,102.8
FIN,2021,95.2
FJI,2021,98.8
FRA,2021,97.7
FRO,2021,103.0
FSM,2021,102.6
GAB,2021,115.9
GBR,2021,94.9
GEO,2021,103.3
GHA,2021,108.9
GIB,2021,92.2
GIN,2021,121.3
GMB,2021,100.9
GNB,2021,91.1
GNQ,2021,133.2
GRC,2021,95.1
GRD,2021,84.6
GRL,2021,98.2
GTM,2021,99.9
GUM,2021,117.5
GUY,2021,140.8
HKG,2021,100.3
HND,2021,95.2
HRV,2021,93.1
HTI,2021,88.5
HUN,2021,100.0
IDN,2021,115.0
IND,2021,91.0
IRL,2021,77.6
IRN,2021,108.4
IRQ,2021,115.0
ISL,2021,99.0
ISR,2021,94.9
ITA,2021,100.5
JAM,2021,107.5
JOR,2021,99.4
JPN,2021,94.8
KAZ,2021,120.9
KEN,2021,91.7
KGZ,2021,118.6
KHM,2021,86.3
KIR,2021,106.2
KNA,2021,101.5
KOR,2021,92.3
KWT,2021,122.0
LAO,2021,154.0
LBN,2021,101.4
LBR,2021,133.9
LBY,2021,115.1
LCA,2021,93.8
LKA,2021,97.3
LSO,2021,85.6
LTU,2021,98.4
LUX,2021,95.8
LVA,2021,104.8
MAC,2021,96.0
MAF,2021,109.3479040531
MAR,2021,93.9
MDA,2021,108.0
MDG,2021,84.3
MDV,2021,102.7
MEX,2021,103.5
MHL,2021,96.2
MKD,2021,95.1
MLI,2021,124.1
MLT,2021,110.3
MMR,2021,116.7
MNG,2021,134.2
MNP,2021,131.0
MOZ,2021,123.8
MRT,2021,142.5
MUS,2021,93.6
MWI,2021,84.1
MYS,2021,104.9
NAM,2021,99.8
NCL,2021,124.4
NER,2021,102.4
NGA,2021,121.0
NIC,2021,103.4
NLD,2021,96.8
NOR,2021,122.0
NPL,2021,104.5
NRU,2021,71.3
NZL,2021,114.8
OMN,2021,92.9
PAK,2021,107.6
PAN,2021,93.5
PER,2021,128.3
PHL,2021,95.5
PLW,2021,102.3
PNG,2021,146.5
POL,2021,98.3
PRK,2021,89.5
PRT,2021,96.4
PRY,2021,146.7
PSE,2021,82.9
PYF,2021,90.5
QAT,2021,140.0
ROU,2021,95.4
RUS,2021,115.2
RWA,2021,113.4
SAU,2021,149.4
SDN,2021,99.7977963068
SEN,2021,111.6
SGP,2021,93.5
SLB,2021,93.8
SLE,2021,114.5
SLV,2021,94.5
SOM,2021,120.9
SRB,2021,99.1
STP,2021,105.0
SUR,2021,121.4
SVK,2021,98.7
SVN,2021,96.2
SWE,2021,100.6
SWZ,2021,93.8
SXM,2021,109.3479040531
SYC,2021,90.1
SYR,2021,99.5
TCA,2021,98.1
TCD,2021,138.7
TGO,2021,104.5
THA,2021,96.8
TJK,2021,109.1
TKM,2021,157.0
TLS,2021,119.5
TON,2021,105.9
TTO,2021,127.4
TUN,2021,95.4
TUR,2021,88.6
TZA,2021,108.6
UGA,2021,105.8
UKR,2021,126.0
URY,2021,103.9
USA,2021,104.7
UZB,2021,121.1
VCT,2021,54.2
VGB,2021,86.8
VNM,2021,101.7
VUT,2021,96.5
WLD,2021,101.3
WSM,2021,78.3
YEM,2021,106.3
ZAF,2021,128.4
ZMB,2021,128.3
ZWE,2021,96.6
ABW,2022,72.9
AFG,2022,96.1
AGO,2022,167.3
ALB,2022,115.8
AND,2022,92.0
ARE,2022,122.6
ARG,2022,114.2
ARM,2022,98.6
ASM,2022,181.8
ATG,2022,80.1
AUS,2022,181.0
AUT,2022,94.0
AZE,2022,173.3
BDI,2022,101.7
BEL,2022,97.1
BEN,2022,113.0
BFA,2022,97.3
BGD,2022,73.9
BGR,2022,97.0
BHR,2022,138.4
BHS,2022,98.9
BIH,2022,108.4
BLR,2022,105.9
BLZ,2022,82.5
BMU,2022,127.4
BOL,2022,80.9
BRA,2022,114.5
BRB,2022,92.6
BRN,2022,135.4
BTN,2022,175.1
BWA,2022,77.3
CAF,2022,96.5
CAN,2022,121.1
CHE,2022,97.5
CHL,2022,125.0
CHN,2022,89.5
CIV,2022,80.8
CMR,2022,124.4
COD,2022,139.1
COG,2022,126.7
COL,2022,154.1
COM,2022,64.9
CPV,2022,90.0
CRI,2022,87.8
CUB,2022,93.2
CYM,2022,143.2
CYP,2022,86.0
CZE,2022,95.2
DEU,2022,96.2
DJI,2022,91.9
DMA,2022,62.2
DNK,2022,94.3
DOM,2022,93.8
DZA,2022,150.8
ECU,2022,114.4
EGY,2022,118.7
ERI,2022,100.5
ESP,2022,93.0
EST,2022,98.5
ETH,2022,100.5
FIN,2022,96.5
FJI,2022,89.7
FRA,2022,94.8
FRO,2022,103.6
FSM,2022,94.4
GAB,2022,135.4
GBR,2022,90.3
GEO,2022,95.3
GHA,2022,111.1
GIB,2022,83.6
GIN,2022,121.7
GMB,2022,95.6
GNB,2022,93.3
GNQ,2022,195.7
GRC,2022,93.3
GRD,2022,77.7
GRL,2022,89.6
GTM,2022,94.0
GUM,2022,112.3
GUY,2022,156.0
HKG,2022,99.9
HND,2022,95.2
HRV,2022,89.8
HTI,2022,80.2
HUN,2022,93.8
IDN,2022,124.9
IND,2022,81.4
IRL,2022,71.1
IRN,2022,131.8
IRQ,2022,143.5
ISL,2022,100.0
ISR,2022,91.3
ITA,2022,89.9
JAM,2022,113.3
JOR,2022,100.0
JPN,2022,79.3
KAZ,2022,144.4
KEN,2022,86.5
KGZ,2022,107.8
KHM,2022,80.9
KIR,2022,107.2
KNA,2022,99.6
KOR,2022,85.5
KWT,2022,164.3
LAO,2022,181.2
LBN,2022,89.0
LBR,2022,113.9
LBY,2022,146.2
LCA,2022,83.4
LKA,2022,88.6
LSO,2022,78.7
LTU,2022,97.7
LUX,2022,97.2
LVA,2022,103.1
MAC,2022,94.0
MAR,2022,88.1
MDA,2022,99.8
MDG,2022,85.3
MDV,2022,101.7
MEX,2022,98.9
MHL,2022,94.3
MKD,2022,88.0
MLI,2022,103.4
MLT,2022,99.5
MMR,2022,122.0
MNG,2022,148.5
MNP,2022,121.4
MOZ,2022,154.9
MRT,2022,108.0
MUS,2022,74.7
MWI,2022,77.9
MYS,2022,111.9
NAM,2022,99.9
NCL,2022,130.5
NER,2022,103.8
NGA,2022,147.2
NIC,2022,101.0
NLD,2022,93.0
NOR,2022,185.7
NPL,2022,97.6
NRU,2022,65.1
NZL,2022,111.9
OMN,2022,119.9
PAK,2022,94.6
PAN,2022,84.7
PER,2022,114.8
PHL,2022,88.1
PLW,2022,94.7
PNG,2022,193.9
POL,2022,96.5
PRK,2022,163.0
PRT,2022,93.4
PRY,2022,117.1
PSE,2022,71.9
PYF,2022,89.3
QAT,2022,237.7
ROU,2022,94.8
RUS,2022,135.5
RWA,2022,113.8
SAU,2022,182.5
SEN,2022,111.0
SGP,2022,94.1
SLB,2022,76.7
SLE,2022,111.1
SLV,2022,91.6
SOM,2022,117.0
SRB,2022,95.2
STP,2022,102.6
SUR,2022,110.5
SVK,2022,94.0
SVN,2022,97.0
SWE,2022,97.4
SWZ,2022,81.9
SYC,2022,90.7
SYR,2022,102.0
TCA,2022,92.3
TCD,2022,158.6
TGO,2022,106.6
THA,2022,89.5
TJK,2022,108.0
TKM,2022,265.7
TLS,2022,154.3
TON,2022,81.0
TTO,2022,161.9
TUN,2022,88.5
TUR,2022,76.0
TZA,2022,98.2
UGA,2022,104.1
UKR,2022,99.4
URY,2022,97.3
USA,2022,109.0
UZB,2022,127.5
VCT,2022,50.8
VGB,2022,56.8
VNM,2022,100.3
VUT,2022,89.9
WLD,2022,101.0
WSM,2022,94.3
YEM,2022,116.4
ZAF,2022,118.1
ZMB,2022,116.9
ZWE,2022,94.0
ABW,2023,95.7
AFG,2023,100.9
AGO,2023,129.2
ALB,2023,76.4
AND,2023,94.8
ARE,2023,111.1
ARG,2023,109.4
ARM,2023,103.2
ASM,2023,202.5
ATG,2023,86.9
AUS,2023,172.2
AUT,2023,95.5
AZE,2023,116.2
BDI,2023,103.7
BEL,2023,98.6
BEN,2023,102.1
BFA,2023,107.3
BGD,2023,80.9
BGR,2023,97.3
BHR,2023,128.6
BHS,2023,101.4
BIH,2023,106.6
BLR,2023,124.0
BLZ,2023,96.1
BMU,2023,126.3
BOL,2023,80.4
BRA,2023,117.2
BRB,2023,97.8
BRN,2023,111.5
BTN,2023,128.5
BWA,2023,82.1
CAF,2023,101.2
CAN,2023,109.9
CHE,2023,95.8
CHL,2023,129.7
CHN,2023,90.2
CIV,2023,91.8
CMR,2023,109.7
COD,2023,133.6
COG,2023,113.7
COL,2023,139.1
COM,2023,65.3
CPV,2023,95.0
CRI,2023,89.6
CUB,2023,98.2
CYM,2023,142.1
CYP,2023,84.2
CZE,2023,99.5
DEU,2023,101.6
DJI,2023,94.3
DMA,2023,68.0
DNK,2023,95.7
DOM,2023,99.2
DZA,2023,98.8
ECU,2023,108.0
EGY,2023,110.2
ERI,2023,95.7
ESP,2023,95.5
EST,2023,100.4
ETH,2023,103.1
FIN,2023,95.9
FJI,2023,99.3
FRA,2023,96.5
FRO,2023,102.9
FSM,2023,98.8
GAB,2023,118.8
GBR,2023,91.1
GEO,2023,97.2
GHA,2023,117.8
GIB,2023,49.2
GIN,2023,113.2
GMB,2023,100.3
GNB,2023,115.7
GNQ,2023,127.4
GRC,2023,95.4
GRD,2023,82.3
GRL,2023,89.1
GTM,2023,95.3
GUM,2023,109.1
GUY,2023,141.3
HKG,2023,100.3
HND,2023,93.9
HRV,2023,87.6
HTI,2023,82.1
HUN,2023,102.2
IDN,2023,108.3
IND,2023,87.5
IRL,2023,67.5
IRN,2023,109.0
IRQ,2023,121.9
ISL,2023,92.4
ISR,2023,92.6
ITA,2023,100.7
JAM,2023,99.4
JOR,2023,98.5
JPN,2023,86.5
KAZ,2023,124.6
KEN,2023,91.9
KGZ,2023,107.2
KHM,2023,83.9
KIR,2023,101.9
KNA,2023,102.1
KOR,2023,85.4
KWT,2023,134.1
LAO,2023,155.8
LBN,2023,95.9
LBR,2023,116.6
LBY,2023,125.5
LCA,2023,92.9
LKA,2023,85.6
LSO,2023,84.7
LTU,2023,102.5
LUX,2023,90.9
LVA,2023,104.3
MAC,2023,93.1
MAR,2023,90.8
MDA,2023,90.9
MDG,2023,84.7
MDV,2023,91.7
MEX,2023,101.0
MHL,2023,98.1
MKD,2023,93.5
MLI,2023,117.6
MLT,2023,100.6
MMR,2023,119.6
MNG,2023,110.3
MNP,2023,55.9
MOZ,2023,121.8
MRT,2023,114.9
MUS,2023,88.2
MWI,2023,87.8
MYS,2023,111.7
NAM,2023,104.5
NCL,2023,117.3
NER,2023,108.0
NGA,2023,127.7
NIC,2023,117.7
NLD,2023,95.7
NOR,2023,123.4
NPL,2023,96.7
NRU,2023,58.1
NZL,2023,105.1
OMN,2023,99.9
PAK,2023,116.1
PAN,2023,80.6
PER,2023,120.9
PHL,2023,94.2
PLW,2023,91.8
PNG,2023,130.3
POL,2023,100.9
PRK,2023,138.4
PRT,2023,96.3
PRY,2023,92.0
PSE,2023,78.6
PYF,2023,89.3
QAT,2023,137.4
ROU,2023,95.1
RUS,2023,114.6
RWA,2023,115.0
SAU,2023,168.1
SEN,2023,112.8
SGP,2023,93.3
SLB,2023,77.0
SLE,2023,103.6
SLV,2023,97.0
SOM,2023,117.4
SRB,2023,101.7
STP,2023,107.2
SUR,2023,116.9
SVK,2023,96.8
SVN,2023,104.4
SWE,2023,96.9
SWZ,2023,92.8
SYC,2023,94.5
SYR,2023,103.8
TCA,2023,57.1
TCD,2023,144.0
TGO,2023,107.5
THA,2023,90.0
TJK,2023,105.0
TKM,2023,144.0
TLS,2023,120.9
TON,2023,85.3
TTO,2023,130.5
TUN,2023,92.5
TUR,2023,86.7
TZA,2023,105.7
UGA,2023,104.4
UKR,2023,79.4
URY,2023,102.8
USA,2023,106.5
UZB,2023,123.4
VCT,2023,54.3
VGB,2023,63.9
VNM,2023,103.3
VUT,2023,93.2
WLD,2023,100.2
WSM,2023,95.0
YEM,2023,106.1
ZAF,2023,113.8
ZMB,2023,116.5
ZWE,2023,99.1
